Path,XMin,YMin,XMax,YMax,ImageID,Url
1.png,0.395625,0.205441,0.711875,0.999062,02219d59ad2d4e27,https://farm8.staticflickr.com/8620/15785012459_bef4421824_o.jpg
2.png,0.446875,0.647917,0.7625,0.997917,043b8bbcec9a7437,https://farm8.staticflickr.com/2228/2143675438_4d6c4253a7_o.jpg
3.png,0.04875,0.093809,0.173125,0.662289,016864c7203d7788,https://c1.staticflickr.com/3/2565/4224448651_d09e1d6e80_o.jpg
4.png,0.313125,0.024345,0.999375,0.999064,01f953005f1fd418,https://c1.staticflickr.com/8/7162/6835053027_180ef0b614_o.jpg
5.png,0.0,0.159167,0.34375,0.999167,3d8f72f7790d1acd,https://c6.staticflickr.com/6/5245/5358480503_13951124b3_o.jpg
6.png,0.016875,0.047699,0.9775,0.675314,362fb644c83938bb,https://c4.staticflickr.com/9/8353/8282449994_f5e337d7b7_o.jpg
7.png,0.0,0.0,0.87892,0.998691,79111051ba7d88e0,https://farm1.staticflickr.com/5167/5210389934_ae33b94766_o.jpg
8.png,0.0,0.0,0.997396,0.998843,55e30b0c6a644731,https://farm2.staticflickr.com/1230/559554832_56f2da1194_o.jpg
9.png,0.253125,0.104254,0.999375,0.999166,03d3bd89fda8fd34,https://farm5.staticflickr.com/3872/15038654851_1f2d738fd3_o.jpg
10.png,0.164375,0.332218,0.998125,0.774895,00da81c3daddcac9,https://c2.staticflickr.com/6/5245/5277456969_2669e360b8_o.jpg
11.png,0.0,0.0,0.5275,0.751667,612da2b92074e971,https://farm2.staticflickr.com/36/113603960_e0a8a18c30_o.jpg
12.png,0.0,0.438333,0.241875,0.5825,004ccb5669b648ab,https://c4.staticflickr.com/5/4140/4740330282_576e9bda38_o.jpg
13.png,0.265,0.182916,0.464375,0.918033,0074a491dd02c1b5,https://farm6.staticflickr.com/3913/14913289199_720832d233_o.jpg
14.png,0.0,0.0,0.75625,0.999058,1141c312b1bbac89,https://c2.staticflickr.com/7/6175/6174351476_fd85e312e3_o.jpg
15.png,0.168125,0.213097,0.405625,0.986681,008b80b929961d67,https://farm8.staticflickr.com/8187/8138472552_2cc6b697a9_o.jpg
16.png,0.0,0.020833,0.999375,0.999167,001b1fb2d9789ace,https://c7.staticflickr.com/5/4017/4671347451_60df008fc2_o.jpg
17.png,0.106667,0.21875,0.9,0.8775,2044b4141315690e,https://c7.staticflickr.com/1/116/269628319_34c69063ae_o.jpg
18.png,0.631836,0.234375,0.714844,0.511719,0261dae95d1b44f1,https://farm2.staticflickr.com/3074/3014065320_0e315a4126_o.jpg
19.png,0.086875,0.0825,0.410625,0.328333,01944a2aaca27d98,https://c1.staticflickr.com/5/4023/4719783733_78e4313aa2_o.jpg
20.png,0.0,0.0,0.998571,0.782857,59e9ba12ec2a3880,https://farm1.staticflickr.com/3894/14404469425_e682362015_o.jpg
21.png,0.0,0.0,0.999375,0.688324,00fac52924506248,https://c1.staticflickr.com/3/2942/15346563115_c8e75b0aa1_o.jpg
22.png,0.0,0.131667,0.195625,0.275833,007403de8b96f53b,https://c4.staticflickr.com/4/3460/3258080351_8dc6433a2c_o.jpg
23.png,0.128125,0.070053,0.46125,0.915937,41e8f20c0a2b7736,https://farm7.staticflickr.com/8213/8380898791_65312b63b0_o.jpg
24.png,0.0,0.0,0.71625,0.999062,1f641ffed89789c7,https://farm8.staticflickr.com/8049/8087935024_419103f1e2_o.jpg
25.png,0.0,0.0725,0.999167,0.999375,001b68ca07b91ba1,https://farm2.staticflickr.com/1216/5120436905_ff0a630617_o.jpg
26.png,0.132143,0.309795,0.892857,0.958998,13808478d13ac9db,https://c4.staticflickr.com/5/4127/4975574303_d45380724a_o.jpg
27.png,0.0,0.08125,0.998438,0.998438,70dde16cf92a6661,https://farm2.staticflickr.com/500/19049510459_9d24655440_o.jpg
28.png,0.619444,0.716667,0.761111,0.970833,6dc4e37596a5f2f5,https://farm6.staticflickr.com/2415/2176331083_6605759b66_o.jpg
29.png,0.3,0.193333,0.5825,0.996667,18ad0ee693bdb0ec,https://c5.staticflickr.com/3/2562/3666285970_310ae408bc_o.jpg
30.png,0.0,0.058,0.959004,0.882,04cd0152368cdf0e,https://c7.staticflickr.com/8/7240/7313501858_b8df317c97_o.jpg
31.png,0.323125,0.563333,0.404375,0.756667,00168ee88d966565,https://farm6.staticflickr.com/3546/3385085384_1f3338d156_o.jpg
32.png,0.1275,0.384167,0.48125,0.589167,00bfc2107be735f8,https://c1.staticflickr.com/4/3817/9370078372_d303eaae3c_o.jpg
33.png,0.1175,0.055556,0.864375,0.96516,0bd59d985cc0821b,https://c4.staticflickr.com/6/5467/7390126614_9cf2df33f1_o.jpg
34.png,0.53875,0.253283,0.69875,0.747655,091ffc88b9a336b6,https://farm7.staticflickr.com/3166/2809968297_5c431b1295_o.jpg
35.png,0.113281,0.053086,0.950195,0.998765,02e3bd84f33c132c,https://c5.staticflickr.com/4/3432/5751485258_5824e1419b_o.jpg
36.png,0.248611,0.172222,0.623611,0.890278,14adcda75e264d8e,https://c7.staticflickr.com/9/8151/7207065230_21c9ae0cb3_o.jpg
37.png,0.0,0.005168,0.639535,0.981912,001175fd73c3039b,https://c4.staticflickr.com/1/41/78007904_0cfdc0ef25_o.jpg
38.png,0.005,0.101567,0.585625,0.966144,05e0144b06c37960,https://farm1.staticflickr.com/3825/9878090423_a9d285749a_o.jpg
39.png,0.0,0.0,0.3,0.995833,0085501a2db0d7e3,https://farm4.staticflickr.com/4053/4689357689_97a68e2cb0_o.jpg
40.png,0.05875,0.190833,0.449375,0.864167,00b596a9edd67acf,https://c8.staticflickr.com/5/4153/5017139922_41cca60fa7_o.jpg
41.png,0.21521,0.071875,0.952265,0.74,3cdc61f1fe7c69ce,https://c7.staticflickr.com/9/8603/16045376422_1673be58db_o.jpg
42.png,0.433125,0.101667,0.999375,0.999167,04079c4ae01345ef,https://c8.staticflickr.com/4/3710/9084679949_e706dc36d1_o.jpg
43.png,0.0,0.0,0.8025,0.701214,0fcb943c692266aa,https://c3.staticflickr.com/3/2202/2189412847_0b2bee191f_o.jpg
44.png,0.150625,0.2,0.76125,0.656667,43053ebdb670db9e,https://c7.staticflickr.com/9/8143/7458490886_4853a5075c_o.jpg
45.png,0.24375,0.305816,0.54625,0.654784,032427ca181e958a,https://c3.staticflickr.com/6/5469/9215041630_a826926c4d_o.jpg
46.png,0.376563,0.407813,0.576563,0.601562,015aaecaa52dd706,https://farm7.staticflickr.com/3794/11275891683_52dc379504_o.jpg
47.png,0.05125,0.375706,0.450625,0.789077,31eaa3ffb2daa3f4,https://farm5.staticflickr.com/6166/6174355986_06af017f5c_o.jpg
48.png,0.03375,0.177119,0.491875,0.991041,722616b6e6d9c3c3,https://farm4.staticflickr.com/8384/8489339845_cf8ced3878_o.jpg
49.png,0.0,0.013133,0.811875,0.999062,0364adf475d97dba,https://c3.staticflickr.com/1/723/21247817814_826b0db2e1_o.jpg
50.png,0.0,0.14486,0.795,0.999065,01d54bc14ddd7744,https://farm5.staticflickr.com/7187/6778481566_055b911c0c_o.jpg
51.png,0.104869,0.159375,0.999064,0.999375,e895d12b6fe951d9,https://c2.staticflickr.com/9/8151/7547973310_2a54f8640e_o.jpg
52.png,0.04,0.169729,0.941875,0.729659,0342a7653c99ece2,https://farm3.staticflickr.com/7019/6602805475_e8657a9afa_o.jpg
53.png,0.0,0.311445,0.36625,0.811445,024bf45939e060a8,https://c1.staticflickr.com/4/3051/2664810684_3821e873a5_o.jpg
54.png,0.072266,0.540897,0.470703,0.895778,04b8c4068ce05c52,https://farm3.staticflickr.com/5604/15796015232_ba4182b4e5_o.jpg
55.png,0.02,0.307229,0.248125,0.875215,01e246a6184e8a58,https://c1.staticflickr.com/5/4052/4513247610_6c1851deb0_o.jpg
56.png,0.0,0.347917,0.998438,0.697917,04e3ca2e89708af3,https://farm4.staticflickr.com/12/69970437_420100a013_o.jpg
57.png,0.015833,0.191875,0.44,0.59,002fbe5010085186,https://farm7.staticflickr.com/4138/4857405635_a8a5a6f82d_o.jpg
58.png,0.257661,0.014742,0.904315,0.971335,3f6de0606502db03,https://farm4.staticflickr.com/3883/19422982155_b08c4a151c_o.jpg
59.png,0.437909,0.4825,0.748833,0.718125,1a2b0c51a23de7b0,https://farm1.staticflickr.com/2918/14006524351_834563bb92_o.jpg
60.png,0.0,0.110677,0.999023,0.847656,614b45004e8278da,https://c3.staticflickr.com/4/3092/2614826534_dbd1a12653_o.jpg
61.png,0.441526,0.0,0.999375,0.996,02a1867975a220a7,https://farm8.staticflickr.com/2299/2476408321_98753d0012_o.jpg
62.png,0.8175,0.2125,0.995625,0.6075,0853ae66b453ff03,https://farm4.staticflickr.com/4096/4750802769_c9539e31d6_o.jpg
63.png,0.179375,0.01125,0.833125,0.975,017015eaf820528d,https://c6.staticflickr.com/4/3841/15326467401_13aa88bc4b_o.jpg
64.png,0.237305,0.557292,0.59082,0.998698,001a64b9a9259f3e,https://c7.staticflickr.com/8/7083/7359323034_dcc1a42573_o.jpg
65.png,0.0,0.146893,0.55125,0.999058,585f5edfc47b6ded,https://c6.staticflickr.com/8/7155/6615937799_cb48d3731a_o.jpg
66.png,0.168593,0.025,0.947977,0.915,0115391778aeca25,https://farm6.staticflickr.com/5448/9401140125_5aecdd85b1_o.jpg
67.png,0.627778,0.55335,0.998148,0.828784,0542aa9163ceebeb,https://c4.staticflickr.com/6/5338/17184099295_8312fc9cc3_o.jpg
68.png,0.0,0.0,0.924928,0.760742,0ab343d40e7fa157,https://farm8.staticflickr.com/7154/6433533257_1e1536f497_o.jpg
69.png,0.215,0.17636,0.7925,0.738274,00cb52afe8b6781b,https://c4.staticflickr.com/6/5270/5859160788_6b083fc67d_o.jpg
70.png,0.23125,0.25,0.5125,0.745833,1c6cd02947040167,https://farm8.staticflickr.com/7587/16859721856_45342d621b_o.jpg
71.png,0.52875,0.108184,0.794375,0.887112,05298db918f220e6,https://farm7.staticflickr.com/136/357059928_431af4de3b_o.jpg
72.png,0.0,0.04375,0.835417,0.802083,045769b2fb05b9a4,https://farm5.staticflickr.com/7214/6956431678_ac5a446bec_o.jpg
73.png,0.045752,0.047386,0.998366,0.998366,153fabe2ba179c3a,https://c3.staticflickr.com/9/8034/8010761139_cfd61d99d4_o.jpg
74.png,0.269375,0.0,0.58375,0.681667,de239fdbaeda2ccc,https://c5.staticflickr.com/8/7014/6556556003_8342f9ed5b_o.jpg
75.png,0.1875,0.101029,0.8025,0.634238,0274c97d1bbe4b31,https://farm2.staticflickr.com/4090/4982470411_83e015f8dd_o.jpg
76.png,0.161184,0.030921,0.917105,0.984211,c508294405fb49c6,https://farm7.staticflickr.com/7014/6637199121_d1c4e10595_o.jpg
77.png,0.061875,0.09,0.813125,0.8425,0103a6aaf076e6ca,https://c3.staticflickr.com/5/4034/4339061153_f37e82e6ac_o.jpg
78.png,0.31,0.450625,0.608333,0.61625,25bec944f6504f1f,https://c8.staticflickr.com/6/5069/5797968433_e58a6ddfc8_o.jpg
79.png,0.281333,0.36747,0.596,0.998996,0109cfd95eedd6c6,https://farm7.staticflickr.com/6067/6099197270_2b01a2611d_o.jpg
80.png,0.104575,0.356209,0.339869,0.589869,03bc18b367e22099,https://c2.staticflickr.com/8/7416/10321708156_8fba549962_o.jpg
81.png,0.297222,0.063889,0.930556,0.920833,ea4eef5a381bdab1,https://farm2.staticflickr.com/8304/7790153284_98fa977628_o.jpg
82.png,0.26905,0.22125,0.754469,0.684375,6d186b34ecd3d569,https://c2.staticflickr.com/4/3587/3926134678_d17c63fe4e_o.jpg
83.png,0.16875,0.0,0.851875,0.999167,68bc68b6b2b38278,https://c1.staticflickr.com/3/2811/13438986624_fd64cd4b88_o.jpg
84.png,0.295918,0.287234,0.640306,0.962766,03d3f8b4e85c810b,https://c4.staticflickr.com/7/6106/6210046608_31e458a9a4_o.jpg
85.png,0.205,0.015,0.855,0.9525,0194bde5616183b0,https://farm1.staticflickr.com/6020/5947931973_5304fa819f_o.jpg
86.png,0.130208,0.572222,0.283333,0.772222,573f66b963f85b05,https://farm6.staticflickr.com/5269/5661483127_99bb637775_o.jpg
87.png,0.210625,0.0125,0.718125,0.873333,4d31b771b0481da3,https://farm4.staticflickr.com/2237/2096569117_28256189a8_o.jpg
88.png,0.088889,0.051163,0.99883,0.998837,005bf84ac699ba71,https://farm2.staticflickr.com/2638/3893300326_3aa3bcf2f2_o.jpg
89.png,0.261111,0.196568,0.967778,0.976599,033a0910711701ea,https://c3.staticflickr.com/8/7341/11566894404_d513784bf3_o.jpg
90.png,0.096875,0.059167,0.870625,0.999167,0cc39456fec6be62,https://farm3.staticflickr.com/3797/8973352950_622982f2df_o.jpg
91.png,0.30101,0.40625,0.468687,0.6875,0b1c5f09f0cc4efc,https://c5.staticflickr.com/5/4130/5012437728_fb834ab27a_o.jpg
92.png,0.0,0.72,0.101667,0.826667,9d22cbf813c2cdf7,https://farm8.staticflickr.com/3849/15118973675_9233f4588b_o.jpg
93.png,0.16375,0.109767,0.73125,0.842791,029b11f1c48a45d9,https://c2.staticflickr.com/8/7224/14051086582_142d147d71_o.jpg
94.png,0.537582,0.596405,0.821895,0.74183,0263787334d2e7ab,https://c4.staticflickr.com/6/5132/5561555198_bcbc4ac83a_o.jpg
95.png,0.690625,0.453096,0.896875,0.917448,010b33204cb58241,https://farm2.staticflickr.com/3084/2612153032_e2d64b1175_o.jpg
96.png,0.055,0.148125,0.8475,0.981875,3283bd55c4b5ab9e,https://c7.staticflickr.com/1/51/146000620_4bda22561a_o.jpg
97.png,0.628125,0.4375,0.9125,0.60625,0012bf34ebf62477,https://farm8.staticflickr.com/5591/15023056349_7eee793e63_o.jpg
98.png,0.0,0.0,0.421875,0.976077,1ff2ed946f6af520,https://farm1.staticflickr.com/7346/13975844386_27e7ca6f1a_o.jpg
99.png,0.4475,0.416875,0.7675,0.913125,0c24be46b6d0c8fa,https://c3.staticflickr.com/5/4007/4568966867_744dc4f55a_o.jpg
100.png,0.592188,0.703125,0.998438,0.998438,127246e8280c8f94,https://farm5.staticflickr.com/3772/12419615005_36210fc1f3_o.jpg
101.png,0.21375,0.158333,0.953125,0.758333,010d4df2a4e92e15,https://farm6.staticflickr.com/8609/15677837048_ddfe23dbfd_o.jpg
102.png,0.061875,0.232645,0.826875,0.771107,0200599362d5d338,https://c1.staticflickr.com/9/8183/8129523048_c03f808e39_o.jpg
103.png,0.0,0.090625,0.998438,0.828125,00d75e217b0b6a3c,https://c5.staticflickr.com/4/3955/15351623170_24a9e435b9_o.jpg
104.png,0.02125,0.391773,0.175,0.704212,044eb60584d7d657,https://farm8.staticflickr.com/5459/9724846867_45f4b9d906_o.jpg
105.png,0.0,0.0725,1.0,0.855833,01d857c381ce4754,https://farm5.staticflickr.com/7551/16125416580_5e334b81bf_o.jpg
106.png,0.110625,0.0,0.229375,0.09,00953d1a685de205,https://farm6.staticflickr.com/8712/16999558911_6134d97d9f_o.jpg
107.png,0.081875,0.522514,0.589375,0.804878,012b0392811f8db6,https://farm7.staticflickr.com/8520/8462196064_dfaf18b30e_o.jpg
108.png,0.1225,0.32681,0.404375,0.647749,3e1519326c93926f,https://c8.staticflickr.com/7/6234/6338212946_a28bc0d236_o.jpg
109.png,0.283682,0.0,0.999163,0.201875,00f6761cbc7e69da,https://c3.staticflickr.com/3/2859/9886395136_1f08d0dce8_o.jpg
110.png,0.553125,0.201042,0.977344,0.539583,00be4d82ff158849,https://c2.staticflickr.com/1/38/77325142_36c448c888_o.jpg
111.png,0.50469,0.449631,0.756723,0.735463,04a86580c47794db,https://c4.staticflickr.com/4/3566/13058691703_36dcc65b76_o.jpg
112.png,0.0,0.13868,0.648125,0.999165,550bb1d357694adf,https://c8.staticflickr.com/4/3920/14615296378_9769ff8411_o.jpg
113.png,0.0,0.544271,0.673828,0.924479,03f50e575ea71c41,https://farm2.staticflickr.com/5495/14103078119_6bf291dde2_o.jpg
114.png,0.249023,0.717423,0.447266,0.998536,00d9b19d3f4d9485,https://farm6.staticflickr.com/3900/14387707486_ee36d17a90_o.jpg
115.png,0.155425,0.561523,0.369501,0.760742,017e240132fe8ae9,https://c2.staticflickr.com/5/4028/4346150984_5b4634732d_o.jpg
116.png,0.25375,0.604128,0.309375,0.681051,0132188c1681fcd3,https://farm4.staticflickr.com/2899/14078157866_0e3d9f7856_o.jpg
117.png,0.530045,0.380176,0.637668,0.577164,3fd267367de755ba,https://c3.staticflickr.com/8/7321/8930354044_0b3fe6abe2_o.jpg
118.png,0.044375,0.06889,0.9025,1.0,26cf30a2c11b09ed,https://c6.staticflickr.com/4/3948/15460111708_9b2a4beb6a_o.jpg
119.png,0.037736,0.033981,0.987421,0.997573,040368ecd2185a43,https://farm4.staticflickr.com/3579/3332200996_ff80b8b980_o.jpg
120.png,0.290625,0.519751,0.507812,0.997921,30accef210a53e28,https://c1.staticflickr.com/9/8119/8647019515_7ff47c2abb_o.jpg
121.png,0.0,0.05036,0.99883,0.998561,008d6a14dbda239e,https://c7.staticflickr.com/5/4039/4348168575_2936c060a0_o.jpg
122.png,0.148125,0.256667,0.846875,0.768333,01841d31f50bfb42,https://farm3.staticflickr.com/3262/3237722474_282dae7953_o.jpg
123.png,0.216875,0.81,0.35875,0.990833,00bdc1cd6453b416,https://farm7.staticflickr.com/5616/15633946920_da83c72cc0_o.jpg
124.png,0.360833,0.49125,0.5625,0.714375,01e6bcbacdc65469,https://c2.staticflickr.com/2/1318/892786952_20268b6034_o.jpg
125.png,0.164375,0.166667,0.435,0.904444,0328902374a00aaf,https://c8.staticflickr.com/6/5202/5243195479_e0b9244592_o.jpg
126.png,0.33,0.0075,0.538125,0.510833,08e6b5b0ffbb0950,https://farm1.staticflickr.com/4063/4669661024_6b3ee3e3ec_o.jpg
127.png,0.05875,0.108333,0.919375,0.9625,525c94cbcd4b6144,https://farm5.staticflickr.com/3379/3437444919_54662c7fca_o.jpg
128.png,0.396875,0.0,0.754375,0.835217,2a4109f560239e35,https://farm6.staticflickr.com/7171/6575412301_d3b50e90cf_o.jpg
129.png,0.0,0.249531,0.440625,0.999062,00e7a8465cc65131,https://farm2.staticflickr.com/5485/11718931763_05897dd9ca_o.jpg
130.png,0.506875,0.015009,0.875625,0.972795,2b1489c86382ae93,https://farm4.staticflickr.com/4095/4821999269_eae6f0e54b_o.jpg
131.png,0.430833,0.03875,0.863333,0.999375,01a4d117dfbb9953,https://farm4.staticflickr.com/2630/3957856353_ffc514ca6b_o.jpg
132.png,0.5275,0.067,0.956875,0.999,e40199f9cd9b43c4,https://farm5.staticflickr.com/4110/4972968121_1534a99b35_o.jpg
133.png,0.635,0.711667,0.945,0.843333,02a65966f8fddafa,https://c3.staticflickr.com/3/2234/2376525620_ce51389513_o.jpg
134.png,0.226562,0.834375,0.339063,0.925,78e68b8b71a2df59,https://c2.staticflickr.com/8/7417/16520507311_bbd833d5f3_o.jpg
135.png,0.22625,0.066855,0.999375,0.999058,358296f987d9f386,https://farm7.staticflickr.com/7183/6915068960_3f56f106a3_o.jpg
136.png,0.370625,0.04,0.633125,0.929167,8663fd3a8337c263,https://farm4.staticflickr.com/6024/5951847487_56d1a29bba_o.jpg
137.png,0.138125,0.074977,0.999375,0.999063,2e3cda7858ac134d,https://c6.staticflickr.com/3/2683/4254978742_677fd9122d_o.jpg
138.png,0.196721,0.078689,0.665574,0.859016,5598f31f7d1e76b8,https://c1.staticflickr.com/5/4078/4874611526_c8ef7c4476_o.jpg
139.png,0.0,0.13,0.624375,0.999167,0818b3ab5fb52e09,https://c2.staticflickr.com/3/2187/1745921032_390602b48f_o.jpg
140.png,0.13,0.13375,0.809167,0.783125,048ab5df6756df78,https://c1.staticflickr.com/3/2784/5864095480_9c01ae4c39_o.jpg
141.png,0.03,0.305243,0.2925,0.814607,008d133ab054535c,https://c5.staticflickr.com/8/7388/9121029970_b946a961cb_o.jpg
142.png,0.341875,0.668333,0.42875,0.871667,0043958d9c61c33a,https://c3.staticflickr.com/7/6182/6128143841_bb24e9f489_o.jpg
143.png,0.55375,0.095,0.94875,1.0,bd3e6e50c2b0f453,https://farm4.staticflickr.com/3402/3635662914_09dab48434_o.jpg
144.png,0.273333,0.266667,0.996667,0.995556,0ed5244736010503,https://farm4.staticflickr.com/18/23688332_2963183aaa_o.jpg
145.png,0.0,0.0,0.999375,0.901501,01f6e55fd02d9e26,https://farm7.staticflickr.com/8208/8231455251_7e84ec488f_o.jpg
146.png,0.235625,0.381801,0.436875,0.999062,00d61640f553dbfc,https://c5.staticflickr.com/4/3769/13701299113_2da6aa18d0_o.jpg
147.png,0.0,0.449333,0.315631,0.836667,0220015de42b10a9,https://c2.staticflickr.com/9/8320/8031890818_f167016d98_o.jpg
148.png,0.070625,0.366667,0.694375,0.999167,014065a49cc7af79,https://c2.staticflickr.com/3/2646/4124581028_ed0688ff75_o.jpg
149.png,0.253264,0.585938,0.701044,0.852539,00a9de4ad27bf0a9,https://c2.staticflickr.com/1/39/92113150_822d8ae41e_o.jpg
150.png,0.16625,0.0,0.999375,0.999167,528b4f73209f7254,https://farm5.staticflickr.com/4142/4750816573_4db350742f_o.jpg
151.png,0.32125,0.330833,0.435,0.441667,071368479cdeb7c5,https://farm6.staticflickr.com/6015/5951838089_4f4a0384ea_o.jpg
152.png,0.527083,0.330556,0.710417,0.645833,600894dcdfde2f0c,https://c5.staticflickr.com/6/5093/5532873084_b93900c8c4_o.jpg
153.png,0.34,0.229478,0.79625,0.998134,5442dd27219ac830,https://farm1.staticflickr.com/162/340629324_601429c001_o.jpg
154.png,0.0,0.0,0.76125,0.999062,00e0816c34c0b107,https://farm8.staticflickr.com/8323/8087926328_8fda405c3a_o.jpg
155.png,0.3225,0.093333,0.6725,0.999167,2b58cf79428ff1c5,https://farm6.staticflickr.com/4112/5069390900_2303f66720_o.jpg
156.png,0.039375,0.0,0.86875,0.999116,5666c09ddedd5ba9,https://c2.staticflickr.com/3/2540/3890101824_7f9a10ee71_o.jpg
157.png,0.123125,0.529167,0.399375,0.725833,01146df9df61b0ab,https://c4.staticflickr.com/1/24/49608376_72b4244b4a_o.jpg
158.png,0.061875,0.015782,0.985625,1.0,79c0f1446a52595f,https://c8.staticflickr.com/9/8380/8582742211_16f8e20057_o.jpg
159.png,0.07375,0.39212,0.735,0.82833,0224a6c67268ee00,https://farm1.staticflickr.com/8066/8181868270_577aa9a011_o.jpg
160.png,0.0,0.176471,0.1975,0.998133,029dd1b0f6f4dad3,https://farm4.staticflickr.com/3028/2695263922_0bc69391c0_o.jpg
161.png,0.066364,0.01375,1.0,1.0,ee3409951e623abf,https://c8.staticflickr.com/5/4110/4999337084_d2c0dc75e8_o.jpg
162.png,0.359375,0.39212,0.515625,0.672608,be27ce60c20fa7d5,https://farm6.staticflickr.com/3609/5752691404_b1cfa7f276_o.jpg
163.png,0.0,0.0,0.75875,0.999058,24652f390adab0ff,https://c8.staticflickr.com/4/3928/15513527836_88e8c6853e_o.jpg
164.png,0.04875,0.355932,0.43,0.711864,027e9f7c0c80d34c,https://c5.staticflickr.com/8/7216/6915036670_af534737ec_o.jpg
165.png,0.207366,0.158523,0.807046,0.79696,cb20372f7e9d2685,https://farm6.staticflickr.com/5042/5297190935_6b8cd428e8_o.jpg
166.png,0.177469,0.002058,0.751543,0.997942,6a320edd5700bc2c,https://c5.staticflickr.com/5/4112/5094651457_174b303f00_o.jpg
167.png,0.331875,0.271667,0.705,0.8125,04a12e2a42da356e,https://c7.staticflickr.com/3/2055/2464416378_c609044fbe_o.jpg
168.png,0.164062,0.09375,0.740625,0.997917,01750631a3769afb,https://c4.staticflickr.com/1/46/127513918_bfe9d43606_o.jpg
169.png,0.621875,0.0,0.950625,0.16318,1b25a1d88404487c,https://c5.staticflickr.com/9/8389/8590976242_ee9e0966d3_o.jpg
170.png,0.014706,0.158497,0.27451,0.352941,013d28f674586433,https://farm4.staticflickr.com/8013/7286485734_38d945317a_o.jpg
171.png,0.25125,0.216667,0.87125,0.731667,a80812d39d54c0f6,https://farm7.staticflickr.com/3235/2399198224_31519192c4_o.jpg
172.png,0.304375,0.064435,0.72375,0.964854,2dccc9907bd786e9,https://c2.staticflickr.com/9/8251/8560670830_72eb7b7055_o.jpg
173.png,0.0,0.42467,0.99625,0.999058,12833497abb26b38,https://c1.staticflickr.com/8/7180/7061137789_a910cb2198_o.jpg
174.png,0.1975,0.15,0.665,0.77,0c3577ac5850479d,https://c6.staticflickr.com/1/101/271826762_e2de86e183_o.jpg
175.png,0.23625,0.138837,0.674375,0.920263,03cc399578276d63,https://farm4.staticflickr.com/5082/5273065199_76c7020ae3_o.jpg
176.png,0.189375,0.178236,0.689375,0.969981,0184a125f9fb0685,https://farm6.staticflickr.com/4030/4425113013_d4f0702da3_o.jpg
177.png,0.114375,0.010319,0.21875,0.250469,012bc92499fdf589,https://c2.staticflickr.com/9/8716/16569314364_d0a8485eb8_o.jpg
178.png,0.0,0.202703,0.999,0.998498,034ee35be6239491,https://farm2.staticflickr.com/3593/3470216934_de50cb5c5d_o.jpg
179.png,0.0,0.040672,0.77375,0.999116,ba6f882aed7bd7dd,https://c6.staticflickr.com/6/5169/5291744618_32c36bb422_o.jpg
180.png,0.0,0.252174,0.993506,0.997826,00341202d021b919,https://c2.staticflickr.com/1/87/276506157_995d4d8f98_o.jpg
181.png,0.148907,0.058594,0.881148,0.949219,8b99b2bbee220ce2,https://farm3.staticflickr.com/2076/2259872915_d7142020c9_o.jpg
182.png,0.055347,0.366875,0.716698,0.79375,01019a9362cd16d9,https://c2.staticflickr.com/3/2809/10573536976_014e3268fc_o.jpg
183.png,0.262695,0.245974,0.555664,0.756955,02406157eb7054fc,https://c5.staticflickr.com/4/3497/3850227212_037efcb966_o.jpg
184.png,0.529375,0.15197,0.8125,0.763602,4ce792bf569f6723,https://farm4.staticflickr.com/3921/14837728281_141f3993b4_o.jpg
185.png,0.19625,0.030833,0.9475,0.6425,4f561e697aa46b58,https://c1.staticflickr.com/4/3560/3354835594_0391af27c1_o.jpg
186.png,0.001875,0.076564,0.6575,0.999066,02d15ac09621d501,https://farm2.staticflickr.com/7109/7469171770_711afbf9f2_o.jpg
187.png,0.415625,0.126058,0.934375,0.862653,486bf944181c0c15,https://farm6.staticflickr.com/2529/4067266120_de3c4be025_o.jpg
188.png,0.2875,0.091667,0.723958,0.758333,edbebd71ae7de172,https://farm3.staticflickr.com/5107/5654414773_e243400220_o.jpg
189.png,0.0,0.02125,0.999284,0.999375,022e282848e81bd2,https://farm3.staticflickr.com/7013/6608960107_3b9d21341c_o.jpg
190.png,0.7825,0.351333,0.97,0.663333,2d05148d0fc8d5b5,https://farm6.staticflickr.com/4150/5017140116_1810646196_o.jpg
191.png,0.254375,0.183616,0.925625,0.999058,010738450519df7d,https://c6.staticflickr.com/9/8328/8146589328_b94721c7af_o.jpg
192.png,0.05625,0.485833,0.549375,0.984167,01cf355ee6773e0e,https://c7.staticflickr.com/5/4108/5068709921_ed9d703a5f_o.jpg
193.png,0.218126,0.07375,0.765745,0.895625,00a6655546c4e9af,https://c8.staticflickr.com/2/1154/3174392621_6505008e20_o.jpg
194.png,0.108125,0.4025,0.3975,0.93,08fa26d35ec7ed40,https://farm1.staticflickr.com/6150/5951838971_eb2f89dd49_o.jpg
195.png,0.47625,0.413672,0.6725,0.535495,00fca018266ace5b,https://c4.staticflickr.com/1/182/382025755_6ba35c6b53_o.jpg
196.png,0.321615,0.217773,0.596354,0.419922,053310231126f448,https://c1.staticflickr.com/3/2386/2076673794_5cb4ea140a_o.jpg
197.png,0.0,0.003537,0.999375,0.999116,783d86adcc995dda,https://c3.staticflickr.com/4/3478/4083409085_01b675bff5_o.jpg
198.png,0.19375,0.0,0.69125,0.876173,937f5fc32b524f5e,https://c7.staticflickr.com/5/4138/4738749036_1637efc8d5_o.jpg
199.png,0.088867,0.088542,0.759766,0.997396,0090e67dc4ba1b2c,https://c5.staticflickr.com/8/7613/16816228437_660cc99c1e_o.jpg
200.png,0.18625,0.479167,0.46,0.999167,0070af0409677211,https://farm2.staticflickr.com/27/65409880_6431864394_o.jpg
201.png,0.225833,0.270833,0.766667,0.735833,38c39cdf9e0ee73b,https://c4.staticflickr.com/4/3186/3642150418_81b198c0c7_o.jpg
202.png,0.202083,0.102778,0.8625,0.901389,4c0967d77b4b1214,https://farm5.staticflickr.com/5149/5654988318_b5ccab22c4_o.jpg
203.png,0.596405,0.0,0.998366,0.825163,0132e75cda887b4b,https://c4.staticflickr.com/6/5520/9584951361_0e74527d48_o.jpg
204.png,0.188125,0.043333,0.729375,0.933333,01da1a251e8d163a,https://c3.staticflickr.com/8/7275/7437760426_edeec0a0e1_o.jpg
205.png,0.004415,0.074375,0.997792,0.21125,03172dc8cd98f09b,https://c4.staticflickr.com/4/3947/15726149385_07e792eba2_o.jpg
206.png,0.22125,0.177632,0.901875,0.964286,4205428bf489ef7d,https://c6.staticflickr.com/1/120/298872254_2107338700_o.jpg
207.png,0.1325,0.146667,0.846875,0.803333,01096570bcf871f1,https://farm2.staticflickr.com/30/224567917_cbf06e1dfc_o.jpg
208.png,0.329688,0.341667,0.898438,0.845833,275ea265517c84ae,https://c7.staticflickr.com/6/5052/5455156855_ef99536a10_o.jpg
209.png,0.250923,0.09375,0.695572,0.44125,00dd76913fe509f1,https://farm2.staticflickr.com/8531/8578876516_9f1f0cddac_o.jpg
210.png,0.44125,0.424167,0.79875,0.928333,045ba71b9eec5419,https://c2.staticflickr.com/3/2737/4046348355_4c176708f2_o.jpg
211.png,0.166667,0.361111,0.694792,0.873611,5cd100c8b23a9655,https://farm6.staticflickr.com/5075/7113643421_60cc5f84dd_o.jpg
212.png,0.0,0.0,0.78125,0.999066,4cbf65c1b67db534,https://farm5.staticflickr.com/1155/1034411170_023dfedff0_o.jpg
213.png,0.452033,0.5,0.613008,0.801508,0143c65560790eec,https://c5.staticflickr.com/9/8566/16187615610_a2453d4675_o.jpg
214.png,0.0,0.392157,0.1,0.715219,00419eeae705466c,https://c5.staticflickr.com/6/5104/5747461562_b1ec7b6fbd_o.jpg
215.png,0.048148,0.235751,0.496296,0.829016,0af8e2af93c02ab5,https://farm6.staticflickr.com/8716/16859009197_706c9f51b2_o.jpg
216.png,0.039375,0.186441,0.799375,0.921846,2c0982fdff4f63ff,https://c8.staticflickr.com/8/7015/6615959747_fd7e89e38d_o.jpg
217.png,0.220833,0.0,0.676667,0.875,14e8c85c91e74184,https://farm5.staticflickr.com/202/478471173_d58e04b7e0_o.jpg
218.png,0.413281,0.46875,0.621094,0.789583,0103f8c7e30d7c84,https://farm5.staticflickr.com/2213/2120124185_7f2062eaf3_o.jpg
219.png,0.346812,0.045593,0.618974,0.696049,02517390477a6070,https://farm1.staticflickr.com/3141/3102385394_40d2b82876_o.jpg
220.png,0.029333,0.102,0.661333,0.998,033d3709c304df99,https://c2.staticflickr.com/1/159/381876657_0846984564_o.jpg
221.png,0.056875,0.155649,0.760625,0.875314,31f73834549b33dd,https://c6.staticflickr.com/9/8397/8695999553_47c0743db6_o.jpg
222.png,0.078125,0.414167,0.1775,0.824167,1a1a2723ea107598,https://c1.staticflickr.com/5/4124/5024551886_2b905091fa_o.jpg
223.png,0.076042,0.0,0.998958,0.780556,28d110e51588c5c3,https://farm4.staticflickr.com/5104/5620415778_f8c8f71e88_o.jpg
224.png,0.0,0.341875,0.697674,0.993125,031affd2a3be5e4f,https://c8.staticflickr.com/8/7539/15925669199_8c43a3fbaf_o.jpg
225.png,0.0,0.0,0.999306,0.65752,028dcbc561fd8d0f,https://c8.staticflickr.com/2/1245/882976980_e33d0d3308_o.jpg
226.png,0.122987,0.068359,0.7306,0.308594,08d96f422fc0d531,https://farm2.staticflickr.com/4083/5193135840_cc34022660_o.jpg
227.png,0.23125,0.570093,0.367188,0.726636,02fd19498de1e94a,https://c3.staticflickr.com/3/2346/2210759442_1ba03e8c7e_o.jpg
228.png,0.0,0.078125,0.998438,0.998438,0ec736dbe1463c6b,https://c4.staticflickr.com/6/5556/15059630961_982853e2a4_o.jpg
229.png,0.0325,0.0425,0.9475,0.935,0017c40998b52f43,https://farm4.staticflickr.com/5449/7054020095_253ae45fa8_o.jpg
230.png,0.23125,0.171958,0.444375,0.879189,035a88541704fb0c,https://c5.staticflickr.com/8/7619/16791548642_bdb1d0378b_o.jpg
231.png,0.0,0.0,0.92375,0.999058,39139b2e6e7adac8,https://c1.staticflickr.com/9/8159/7390076156_c102ddf16d_o.jpg
232.png,0.1875,0.083871,0.9975,0.997849,009471f2ffbe677c,https://c5.staticflickr.com/9/8235/8350629421_2007455d9b_o.jpg
233.png,0.486928,0.578431,0.964052,0.964052,00995eb67d2ee4b7,https://farm8.staticflickr.com/8438/7793088300_7c48f56776_o.jpg
234.png,0.0,0.23796,0.5125,0.816808,00c284fecdb48bdf,https://c8.staticflickr.com/9/8007/7695241304_00a5d6edac_o.jpg
235.png,0.0,0.053333,0.67625,0.926667,12eea32bbee5b310,https://farm1.staticflickr.com/4095/4918787764_b72d8d95d4_o.jpg
236.png,0.205625,0.296435,0.7125,0.870544,01164e9e187e3fa4,https://farm5.staticflickr.com/5041/5329312578_8a892474cc_o.jpg
237.png,0.0,0.0,0.886875,0.9375,00e9a45ad9c18f1b,https://c4.staticflickr.com/7/6188/6073283194_016bdd92bf_o.jpg
238.png,0.36375,0.174484,0.625,0.4803,00355dd0119cd815,https://farm6.staticflickr.com/7503/16099756550_a6d80a6497_o.jpg
239.png,0.135,0.0,0.3975,0.609434,25c8e981261729bf,https://c8.staticflickr.com/5/4012/4517674665_da11cb5cb8_o.jpg
240.png,0.464375,0.144605,0.80875,0.759733,3becdaaf406614ca,https://c3.staticflickr.com/8/7354/12019578076_f17b6ebb82_o.jpg
241.png,0.41125,0.0,0.999375,0.999058,1bb26a14e815da4d,https://c6.staticflickr.com/4/3042/2774925209_9142978f3d_o.jpg
242.png,0.0,0.057813,0.883333,0.804688,45cf71f3cb71070c,https://c5.staticflickr.com/3/2117/2172265554_6b0630e84b_o.jpg
243.png,0.0,0.044489,0.999,0.879814,9ed171a91ca911ca,https://c3.staticflickr.com/3/2616/4157228131_f07c789afc_o.jpg
244.png,0.28125,0.148776,0.5275,0.999058,150cea6691a2538c,https://c5.staticflickr.com/8/7198/6847629683_28f7239d61_o.jpg
245.png,0.078125,0.013133,0.999375,0.999062,673d03bf6c27dd03,https://farm4.staticflickr.com/8520/8681679834_ae336ba263_o.jpg
246.png,0.67875,0.0025,0.999375,0.250833,01ec1ef2a37d5cb7,https://farm8.staticflickr.com/3197/2722867489_09d40c782d_o.jpg
247.png,0.608125,0.266667,0.968125,0.964167,01e3800aff37062d,https://c6.staticflickr.com/8/7695/17158483261_c02297220d_o.jpg
248.png,0.009589,0.464375,0.671918,0.915,07dc9ab9a97f96b7,https://farm8.staticflickr.com/8124/8836096812_5d0868de07_o.jpg
249.png,0.291111,0.196875,0.692222,0.943125,0311173acba5b696,https://farm7.staticflickr.com/3915/14777801228_ceec946bda_o.jpg
250.png,0.0,0.0,0.48875,0.998333,06d98a60142ebbf0,https://farm1.staticflickr.com/58/199189306_b0bdc6baa6_o.jpg
251.png,0.09375,0.216981,0.354167,0.644654,0e2360811d24ca48,https://c1.staticflickr.com/1/98/266443750_defc01bd4b_o.jpg
252.png,0.478125,0.075833,0.78125,0.724167,0b77ada8020b8323,https://farm4.staticflickr.com/8767/16636009134_e4f1e206b0_o.jpg
253.png,0.1975,0.623333,0.419375,0.881667,1ce02c1491bb62a3,https://farm4.staticflickr.com/4107/5032657164_b95c7c2623_o.jpg
254.png,0.054375,0.0,0.24125,0.483333,07b5522ab731444f,https://c8.staticflickr.com/3/2940/14182479084_5e5b53115a_o.jpg
255.png,0.073125,0.233473,0.641875,0.971548,1eb395ac6bb46283,https://farm4.staticflickr.com/8237/8589873409_bfea5c7ea1_o.jpg
256.png,0.395,0.048023,0.780625,0.450094,08b5d7bedcaa863a,https://c3.staticflickr.com/8/7522/15677959670_0eefbc0c31_o.jpg
257.png,0.055728,0.425987,0.25387,0.761513,00f113a5de58f41c,https://c5.staticflickr.com/3/2196/2425253214_e7a67dddf3_o.jpg
258.png,0.31125,0.0,0.54875,0.418333,7b6364592301082a,https://c3.staticflickr.com/7/6135/5951838709_fce7272335_o.jpg
259.png,0.0,0.11958,0.97625,0.998686,166319ea8adb497a,https://c3.staticflickr.com/6/5337/8836064686_f7f0b3792a_o.jpg
260.png,0.295115,0.596803,0.612619,0.827709,0053ca1211f0e2e4,https://farm5.staticflickr.com/7153/6482927527_8c5c6ba7aa_o.jpg
261.png,0.013125,0.06686,0.92375,0.75969,019aa49c9e640e2a,https://c3.staticflickr.com/5/4132/5220534158_3f66c6824d_o.jpg
262.png,0.491667,0.002538,0.995,0.997462,016e9ea324733457,https://farm8.staticflickr.com/8031/7996426053_de1ee874a3_o.jpg
263.png,0.004575,0.828105,0.10915,0.951634,013b4000f5cca987,https://farm8.staticflickr.com/4038/4445422086_c79c1bb8ef_o.jpg
264.png,0.16375,0.241667,0.63375,0.918333,019c8ee235d7df85,https://farm6.staticflickr.com/5183/5678147154_e96545cee6_o.jpg
265.png,0.0,0.130208,0.728516,0.955729,176dbb0983493831,https://farm2.staticflickr.com/3765/10654076816_e4bb3ee83b_o.jpg
266.png,0.206944,0.115278,0.7625,0.956944,04f6b8cf80caa569,https://c2.staticflickr.com/6/5025/5550095797_edbca04da6_o.jpg
267.png,0.320625,0.177024,0.915625,0.6629,033ca872dd5909a8,https://c1.staticflickr.com/5/4024/4636053770_862983483c_o.jpg
268.png,0.346875,0.145313,0.79375,0.9125,ea57b96207bba6b8,https://c1.staticflickr.com/4/3776/11730820633_eb3700b880_o.jpg
269.png,0.09555,0.093206,0.979058,0.938153,5e7936dca6b7ea7e,https://c7.staticflickr.com/6/5126/5323398825_fe87823bce_o.jpg
270.png,0.073125,0.478333,0.344375,0.89,0240e58ffe2e7912,https://farm3.staticflickr.com/3366/3473046782_7664303cee_o.jpg
271.png,0.345625,0.214167,0.71,0.689167,000b97d7af0977eb,https://c4.staticflickr.com/8/7368/16506442202_114da36908_o.jpg
272.png,0.0,0.0,0.760833,0.998889,0021badfc05b2e81,https://farm2.staticflickr.com/3025/3114688170_30d2e62ba5_o.jpg
273.png,0.3375,0.148079,0.85375,0.822868,04ab57deeaa84383,https://farm4.staticflickr.com/6117/6318670528_bcabf40a9f_o.jpg
274.png,0.0,0.0,0.91125,0.998333,00092fa0c421c8c0,https://farm1.staticflickr.com/75/175630768_dfa44e844b_o.jpg
275.png,0.075,0.320833,0.999375,0.999167,0265ce3b3e401664,https://farm5.staticflickr.com/4053/4265498374_34090a55c8_o.jpg
276.png,0.157451,0.79875,0.869728,0.995625,000c01d8269e1554,https://farm5.staticflickr.com/563/22526418316_9d53d089cf_o.jpg
277.png,0.165,0.195833,0.70625,0.945,02dfe15be78b21bc,https://c5.staticflickr.com/7/6007/6021175332_8099aa3006_o.jpg
278.png,0.163125,0.0,0.999375,0.935272,0d855921a2d7143b,https://c4.staticflickr.com/5/4085/5209186293_a4a8fc6351_o.jpg
279.png,0.78418,0.808777,0.976562,0.961338,35e2b80e37022d02,https://farm3.staticflickr.com/6150/5951858957_57e257305a_o.jpg
280.png,0.13,0.099219,0.91125,0.999219,3198663b9d28d776,https://farm7.staticflickr.com/5601/15477052586_498c66443d_o.jpg
281.png,0.310417,0.205556,0.590625,0.740278,192d1d456c883d90,https://farm1.staticflickr.com/5102/5598248557_451e8516a8_o.jpg
282.png,0.0,0.0,0.998438,0.998438,02219b0c3e944e63,https://farm4.staticflickr.com/559/18073974913_d996444034_o.jpg
283.png,0.400391,0.282353,0.592773,0.613235,02595beb323a6934,https://farm5.staticflickr.com/8421/7557074172_5541511391_o.jpg
284.png,0.021875,0.197222,0.433333,0.741667,6d0efc8e4130fcbc,https://c5.staticflickr.com/6/5190/5661493545_a5ec863c8b_o.jpg
285.png,0.0,0.428125,0.496234,0.999375,05509161136fed19,https://c2.staticflickr.com/9/8085/8404289867_7afd7e478e_o.jpg
286.png,0.035937,0.204688,0.998438,0.740625,228a7c07942deadb,https://c4.staticflickr.com/9/8604/16060755474_b2825c64ac_o.jpg
287.png,0.230914,0.51,0.67672,0.791875,00d6362f8f4a0280,https://farm1.staticflickr.com/692/21680628945_81de86f4df_o.jpg
288.png,0.0,0.213542,0.229687,0.998958,bae592df657a92e0,https://farm1.staticflickr.com/5788/20359247260_aed2cf766f_o.jpg
289.png,0.359155,0.0,0.714789,0.7375,86bb7fb85e36ad04,https://farm5.staticflickr.com/5545/9128440727_d9b6438160_o.jpg
290.png,0.125,0.048333,0.79,0.999167,a5fb376d6d45e5f9,https://c2.staticflickr.com/4/3751/13438986414_ea56e06230_o.jpg
291.png,0.005,0.039553,0.99375,0.963027,4986970566f69ebd,https://c6.staticflickr.com/7/6027/5952366868_b054815f32_o.jpg
292.png,0.175,0.0425,0.8375,0.856667,02c3119001268f05,https://farm6.staticflickr.com/33/60366716_da2d884922_o.jpg
293.png,0.35375,0.079096,0.724375,0.775895,991008da98930b16,https://farm7.staticflickr.com/8157/7557064244_1e94c722f4_o.jpg
294.png,0.031865,0.16625,0.139644,0.32125,01de437cb336b155,https://farm6.staticflickr.com/8265/8667332284_e67c4c34e3_o.jpg
295.png,0.178125,0.422222,0.351042,0.781944,90bbe2e25ad436e1,https://farm2.staticflickr.com/5053/5558750703_ff4a846b8d_o.jpg
296.png,0.391182,0.2275,0.812383,0.714375,1adfefa3de7e9dba,https://c3.staticflickr.com/4/3248/2388794146_305fc630bf_o.jpg
297.png,0.448125,0.0,0.6375,0.585833,03898b993661871e,https://c7.staticflickr.com/9/8677/16626629212_943fd9e89c_o.jpg
298.png,0.378,0.227205,0.69,0.816144,013b407594010db6,https://farm7.staticflickr.com/3513/3916842464_c9b39f907c_o.jpg
299.png,0.025,0.2925,0.999375,0.875,018919871e9ea4a3,https://farm4.staticflickr.com/2947/15280554029_125e877335_o.jpg
300.png,0.674375,0.394958,0.820625,0.794585,005fa4a45c75b075,https://farm6.staticflickr.com/3209/2694424845_4b63200a2a_o.jpg
301.png,0.083125,0.075833,0.454375,0.926667,008fe0364b4273c5,https://farm6.staticflickr.com/1350/1183920774_00ee04e7d1_o.jpg
302.png,0.505625,0.480833,0.588125,0.684167,12077ba60217bebb,https://c4.staticflickr.com/5/4103/5068799133_8d2cd01e9c_o.jpg
303.png,0.27375,0.0,0.64375,0.998333,3cd85c5034874f23,https://farm4.staticflickr.com/2122/2237140467_bba1c84cff_o.jpg
304.png,0.3875,0.0,0.999375,0.999058,1568dfbd850a11c6,https://farm7.staticflickr.com/5184/5621121869_c692d8a47e_o.jpg
305.png,0.03375,0.224889,0.930625,0.905778,00f15e91e86675a2,https://farm3.staticflickr.com/5185/14165941413_404e16fe0e_o.jpg
306.png,0.0,0.067188,0.969697,0.996875,68990830d62412c5,https://farm6.staticflickr.com/2819/9129960062_b8fdfd8caf_o.jpg
307.png,0.53625,0.510969,0.664375,0.903108,01f8a0cc914d8f1a,https://c3.staticflickr.com/3/2920/14567611029_6f7e077aa7_o.jpg
308.png,0.142045,0.36383,0.164062,0.429787,02e29bbbd09bc3a4,https://farm5.staticflickr.com/5208/5203946120_819da455d8_o.jpg
309.png,0.39,0.114094,0.888,0.398658,8b6524026c992190,https://farm1.staticflickr.com/4093/4919591780_3ceec29e95_o.jpg
310.png,0.222222,0.302288,0.550654,0.998366,13b5c2172809db5a,https://c3.staticflickr.com/8/7449/9491260666_a81f50647d_o.jpg
311.png,0.158854,0.287109,0.677083,0.689453,019ae01255db3333,https://farm4.staticflickr.com/2597/3834694646_44b29c89f4_o.jpg
312.png,0.0,0.111007,0.59125,0.999059,25cd5a40e9462718,https://c1.staticflickr.com/3/2556/4064941503_db24573177_o.jpg
313.png,0.003125,0.017188,0.38125,0.53125,014840e0127e58ab,https://c4.staticflickr.com/6/5313/14275060955_4e2a05fbbb_o.jpg
314.png,0.13,0.0,0.543125,0.201667,07b94dc34c695c25,https://farm6.staticflickr.com/5150/14004161411_9ef42edeaf_o.jpg
315.png,0.598125,0.661998,0.865625,0.999066,014d42d86cb091d8,https://c1.staticflickr.com/3/2728/4218931442_2c8ea04c3e_o.jpg
316.png,0.376953,0.090379,0.712891,0.947522,c868892b969e2447,https://farm8.staticflickr.com/4028/4359283749_0e45d57910_o.jpg
317.png,0.0,0.113764,0.951172,0.900281,0137f4424c323cbd,https://c6.staticflickr.com/5/4055/4274323232_1f0fdddee7_o.jpg
318.png,0.46,0.529963,0.62875,0.939139,01228eb7ac518357,https://farm8.staticflickr.com/8461/8054676507_71bd365b15_o.jpg
319.png,0.3175,0.37,0.871667,0.74,2e849a8897de1dfa,https://c3.staticflickr.com/4/3289/5818897524_8126b17dea_o.jpg
320.png,0.455625,0.459078,0.69,0.893697,0092a3d573ca4cd3,https://farm4.staticflickr.com/7300/10052973456_7969fe75e0_o.jpg
321.png,0.17,0.141667,0.69625,0.9725,25d19967b39a3844,https://farm5.staticflickr.com/7220/7403099148_206c9e489a_o.jpg
322.png,0.2125,0.090395,0.60875,0.840866,5d0fc824f3395839,https://c2.staticflickr.com/9/8281/7749311614_0ccfe403c4_o.jpg
323.png,0.0,0.009167,0.999375,0.890833,05245a7536581e4d,https://c6.staticflickr.com/1/43/77716450_770fd692ba_o.jpg
324.png,0.0,0.140719,0.23506,0.778443,117db5ee796e0abb,https://c4.staticflickr.com/1/22/27595066_cdcbd69a73_o.jpg
325.png,0.034722,0.034722,0.966667,0.977778,2ec5bfdedb4ce197,https://farm8.staticflickr.com/7032/6648278767_df05c6e624_o.jpg
326.png,0.654762,0.811523,0.998016,0.981445,59d0aa44a512f465,https://farm6.staticflickr.com/7534/15979374892_73d69b36f2_o.jpg
327.png,0.28125,0.646667,0.44875,0.840833,013cfaae1de174c4,https://farm5.staticflickr.com/3386/3603064654_4c765226c2_o.jpg
328.png,0.0,0.0,1.0,0.948438,06a173b07871d9ce,https://c7.staticflickr.com/9/8802/16986856197_ceb013a720_o.jpg
329.png,0.245,0.36773,0.62125,0.998124,02577a2e2e0ca961,https://farm2.staticflickr.com/3269/2553248436_b410ce3f73_o.jpg
330.png,0.374375,0.5025,0.51375,0.754167,69f99ef10caf364f,https://c8.staticflickr.com/8/7675/16636009104_526fee4a5f_o.jpg
331.png,0.34625,0.121469,0.946875,0.999058,62428f39d4ba7856,https://farm7.staticflickr.com/8441/7749315890_2c73a1381b_o.jpg
332.png,0.079687,0.0875,0.967188,0.904167,1d56c5edfb318b1c,https://c5.staticflickr.com/4/3399/4651077482_9f0278fcb2_o.jpg
333.png,0.0375,0.7425,0.5125,0.98125,11495a8179be6ef8,https://c1.staticflickr.com/1/41/105048693_a9e6a89c3b_o.jpg
334.png,0.2675,0.606667,0.4625,0.865,02c68745b4cc6bca,https://c3.staticflickr.com/1/47/164250926_46f4b1b261_o.jpg
335.png,0.125163,0.425795,0.91395,0.980565,00adbf6bf9f1848f,https://c8.staticflickr.com/3/2765/4413730426_e676915160_o.jpg
336.png,0.446094,0.2125,0.723437,0.463542,02dad48e56d65904,https://farm5.staticflickr.com/142/371156581_6ea3cc5f9e_o.jpg
337.png,0.08375,0.1,0.879375,1.0,06e699dda90f0b24,https://farm5.staticflickr.com/5514/11891437764_b72a732651_o.jpg
338.png,0.020312,0.084375,0.939062,0.942187,4876f41814f2d47e,https://c7.staticflickr.com/9/8726/16854280526_d4bf380dcf_o.jpg
339.png,0.049593,0.114375,0.952033,0.91,5e3a1656a549d220,https://farm1.staticflickr.com/7388/9736989104_208e51b6cd_o.jpg
340.png,0.1825,0.704375,0.533333,0.88875,011025a54919758c,https://c5.staticflickr.com/4/3950/15342135239_71946c23f7_o.jpg
341.png,0.077083,0.313889,0.835417,0.838889,010b7afc404408f9,https://c2.staticflickr.com/6/5139/5550094373_28afd11b8b_o.jpg
342.png,0.0,0.22409,0.588125,0.999066,055686dea4f05d0f,https://c8.staticflickr.com/5/4053/4528391504_295d0aa5cc_o.jpg
343.png,0.266167,0.205625,0.471415,0.701875,06f80eed076ce477,https://farm8.staticflickr.com/8632/16022698360_c61f940e75_o.jpg
344.png,0.086875,0.385122,0.52625,0.912429,53bae87dc16b5d56,https://farm7.staticflickr.com/7271/7061143455_48424d3613_o.jpg
345.png,0.075556,0.232692,0.626667,0.707692,182b3c73b5c4dd0b,https://c4.staticflickr.com/5/4035/5080733244_abd6350131_o.jpg
346.png,0.4,0.186709,0.9175,0.889241,016b2ad055b4e88d,https://c6.staticflickr.com/9/8388/8550716944_6801b980e5_o.jpg
347.png,0.10625,0.308333,0.473437,0.816667,018dd434caa4226f,https://c8.staticflickr.com/1/46/111679182_457f4fdcf1_o.jpg
348.png,0.053621,0.018125,0.880223,0.911875,4049a0b4039ef744,https://farm5.staticflickr.com/3865/14922980542_d6de5f3a4e_o.jpg
349.png,0.045625,0.145,0.34375,0.711667,0331401e003c0c72,https://farm3.staticflickr.com/7564/15737957707_5eb39ff31c_o.jpg
350.png,0.63625,0.48,0.82125,1.0,11a0863c404b35ef,https://c8.staticflickr.com/1/16/22965637_18efb2c367_o.jpg
351.png,0.344792,0.047222,0.675,0.868056,07f24f406906e0e3,https://farm4.staticflickr.com/5236/5909666979_049f1b416c_o.jpg
352.png,0.273496,0.1175,0.895677,0.81625,0262a65dc9ad7e7e,https://c7.staticflickr.com/8/7384/12578901805_53fe116cb4_o.jpg
353.png,0.0,0.1612,0.93125,0.910028,01bdb94ac2c3a826,https://farm7.staticflickr.com/5557/14117633907_ae24f7de4c_o.jpg
354.png,0.253125,0.625,0.565625,0.998438,007e0e568b2cc586,https://farm7.staticflickr.com/5559/14554234561_5e4fba1334_o.jpg
355.png,0.498663,0.695187,0.586898,0.919786,0171da7bddc5babd,https://c6.staticflickr.com/4/3463/3836595694_ec09819855_o.jpg
356.png,0.32375,0.805,0.423125,0.955,01d2beb918d86fd0,https://farm1.staticflickr.com/7230/7203101700_ac843bf74c_o.jpg
357.png,0.0,0.112222,0.999375,0.998889,8d44c2ead582f9d5,https://farm6.staticflickr.com/2681/4283456738_560bb86baa_o.jpg
358.png,0.150625,0.308333,0.693125,0.805833,06efc11389f693e6,https://farm7.staticflickr.com/4140/4903473274_be71bfc435_o.jpg
359.png,0.0,0.148333,0.999375,0.999167,37a5ae3fa6704931,https://farm2.staticflickr.com/2502/3939626232_6d11f8392c_o.jpg
360.png,0.0,0.40744,0.285,0.730735,01770b7b6f91584b,https://c4.staticflickr.com/4/3646/3370367041_48c1ce7c6f_o.jpg
361.png,0.134375,0.179167,0.486875,1.0,051f711198b8fc8c,https://c5.staticflickr.com/3/2765/4506038806_b1b5bb5c16_o.jpg
362.png,0.4975,0.0,1.0,0.889823,01f9be9824b83aff,https://c8.staticflickr.com/1/244/550465437_c7b6984b1d_o.jpg
363.png,0.1775,0.461251,0.749375,0.999066,000acf666d991c39,https://c2.staticflickr.com/6/5790/21766822055_7541e5c359_o.jpg
364.png,0.158125,0.085,0.231875,0.259167,52bcba00f905c31d,https://c6.staticflickr.com/8/7542/15945493332_d0e32d28d3_o.jpg
365.png,0.18375,0.286667,0.5075,0.6775,0131ddfd174e6e8c,https://c5.staticflickr.com/9/8501/8339352051_30e50d582f_o.jpg
366.png,0.41375,0.340554,0.696875,0.689531,40a6dafa7600951b,https://c4.staticflickr.com/8/7348/12507700444_05d18f4417_o.jpg
367.png,0.334375,0.042373,0.665625,0.968927,081a4f270ccb33fc,https://c5.staticflickr.com/9/8319/8060867906_df6e0200b2_o.jpg
368.png,0.094444,0.293056,0.338889,0.854167,923e98aa86266e9d,https://c6.staticflickr.com/9/8166/7599488566_0ffba1f92f_o.jpg
369.png,0.013198,0.015625,0.998985,0.999375,00e1ff25fc2a7216,https://farm7.staticflickr.com/7431/10072712314_ece49a02e4_o.jpg
370.png,0.065,0.129002,0.944375,0.597928,1b8967d7c849632c,https://c5.staticflickr.com/9/8377/8389795627_bcfe7265ee_o.jpg
371.png,0.0,0.0,0.648125,0.9475,00388f0c673fe106,https://farm7.staticflickr.com/214/448472881_063a29e46b_o.jpg
372.png,0.0,0.105469,0.998534,0.960938,6e71d945ce6b4e99,https://c2.staticflickr.com/4/3527/3803798879_90cdffa089_o.jpg
373.png,0.481333,0.424,0.686667,0.786667,0004f8258ebe19e1,https://farm2.staticflickr.com/7154/6838698783_bbeac8cba9_o.jpg
374.png,0.185,0.185,0.576667,0.923125,1cdfc7452ddf7f91,https://farm2.staticflickr.com/6020/5952352296_b018023ca3_o.jpg
375.png,0.29875,0.275833,0.82875,0.83,065daae082c9143f,https://c8.staticflickr.com/3/2132/2190267712_f8e8e40cb8_o.jpg
376.png,0.0,0.0,0.999375,0.997188,ad60902007d97e1e,https://c7.staticflickr.com/4/3639/3578477130_c4340e993e_o.jpg
377.png,0.190476,0.103125,0.999066,0.863125,00d4e3fa2e73b034,https://farm5.staticflickr.com/8022/7003066102_5fee22192f_o.jpg
378.png,0.046875,0.561667,0.163125,0.744167,001512d120e1e800,https://farm1.staticflickr.com/5487/11028671166_af7542a97f_o.jpg
379.png,0.0,0.063089,0.52625,0.910546,747b73416ff7609a,https://c3.staticflickr.com/9/8042/8060868857_dbb96a2737_o.jpg
380.png,0.211875,0.163842,0.999375,0.999058,277211b5e7865b97,https://farm8.staticflickr.com/8047/8146555949_03355527bb_o.jpg
381.png,0.146875,0.190625,0.832812,0.826563,4af1f169e94a6bad,https://c6.staticflickr.com/3/2893/10814775785_c56c293cd0_o.jpg
382.png,0.379085,0.04085,0.998366,0.898693,0111d0f0dd17147e,https://c7.staticflickr.com/4/3724/13154432324_cece618a16_o.jpg
383.png,0.121875,0.459325,0.381875,0.963294,03da892039615e51,https://farm2.staticflickr.com/5216/5437215213_1f01e219ae_o.jpg
384.png,0.133333,0.281944,0.983333,0.988889,0215f321ee372abd,https://c6.staticflickr.com/2/1075/5132123771_355d361824_o.jpg
385.png,0.141243,0.0,0.999058,0.923125,2bd30f00115d56ed,https://c6.staticflickr.com/7/6151/6173825453_cb4998e407_o.jpg
386.png,0.125625,0.281279,0.533125,0.904045,3b8de4db3fa705b6,https://farm7.staticflickr.com/7093/7299269368_8017d3053b_o.jpg
387.png,0.069375,0.112053,0.999375,0.549906,55973b7b7c1c7c44,https://farm5.staticflickr.com/7213/7290124184_0be0b9fbe0_o.jpg
388.png,0.138194,0.480532,0.372222,0.897436,005f385bb1c20a1d,https://c6.staticflickr.com/3/2929/14302584708_17e2a61525_o.jpg
389.png,0.133968,0.0575,0.95022,0.959375,2dd3a4db895fb560,https://farm1.staticflickr.com/7339/8714886319_03c950b034_o.jpg
390.png,0.115625,0.291627,0.176875,0.383819,0da239b0cea06678,https://c1.staticflickr.com/6/5128/5313207643_146e16eaa7_o.jpg
391.png,0.322656,0.263889,0.520312,0.694444,2a00f0056ae24c69,https://c2.staticflickr.com/9/8455/8071859417_dbb3c7912e_o.jpg
392.png,0.114375,0.098499,0.829375,0.811445,14afe7dc795ac228,https://c1.staticflickr.com/6/5347/17605890530_486d050b37_o.jpg
393.png,0.0,0.430208,0.713281,0.998958,00b002a84d61d536,https://farm7.staticflickr.com/67/183114512_9af60d441c_o.jpg
394.png,0.616875,0.238333,0.789375,0.789167,003f09a845bd1f65,https://farm6.staticflickr.com/4048/4263485754_6d63eb7093_o.jpg
395.png,0.035625,0.473333,0.905625,0.743704,1ddca0b57d7d6a91,https://farm2.staticflickr.com/8360/8406086963_2563d7d6c0_o.jpg
396.png,0.244375,0.25682,0.43125,0.663217,01e6e0a8000b7ed4,https://farm5.staticflickr.com/7180/6952524714_3e5beb2fd5_o.jpg
397.png,0.737069,0.0,0.938937,0.239583,8ad5ffe0dbf9bb68,https://c1.staticflickr.com/6/5015/5395629423_c8b2fa0bb4_o.jpg
398.png,0.474093,0.382812,0.621114,0.708008,65f5b8acf1bf30b4,https://farm5.staticflickr.com/5557/15323934102_69c63866d7_o.jpg
399.png,0.281453,0.311,0.596628,0.781,01238a3e24f389ec,https://c5.staticflickr.com/3/2724/4020282168_ef052c2c0c_o.jpg
400.png,0.003125,0.210879,0.999375,0.999163,1445898b70f6711e,https://c7.staticflickr.com/7/6207/6047079922_d0947ce644_o.jpg
401.png,0.03,0.038304,0.9725,0.861833,08bdd46752a29c6b,https://c4.staticflickr.com/2/1032/1197980141_32eaa9801d_o.jpg
402.png,0.0,0.0,0.659375,0.5375,591b1bedc0e38ca7,https://farm8.staticflickr.com/7606/16317461944_ae6a8ec70b_o.jpg
403.png,0.35375,0.044256,0.966875,0.907721,1cf46208c6cabc25,https://farm6.staticflickr.com/8423/7749312230_586b32fd03_o.jpg
404.png,0.353125,0.079096,0.9375,0.983992,88e3ba0bc761fe56,https://farm7.staticflickr.com/7089/6915059756_790561fc57_o.jpg
405.png,0.460625,0.148333,0.508125,0.270833,01d2f3e47c6caa3b,https://c4.staticflickr.com/6/5586/14489810295_e37259dc2a_o.jpg
406.png,0.130068,0.455,0.331081,0.685,32c133653f227fe9,https://c2.staticflickr.com/1/21/25031640_37ae5a3a57_o.jpg
407.png,0.294842,0.4125,0.629715,0.718125,018f338e7eb0eb35,https://farm6.staticflickr.com/7222/6994709744_5298b4d025_o.jpg
408.png,0.475,0.415833,0.644375,0.701667,0093bb863d1b1311,https://farm2.staticflickr.com/7363/11324605155_64b42965f5_o.jpg
409.png,0.012695,0.0625,0.248047,0.326172,01c02082792e2a39,https://c2.staticflickr.com/6/5236/13972449089_290f0df956_o.jpg
410.png,0.0,0.18375,0.999062,0.954375,4009f93372f3d0e7,https://farm8.staticflickr.com/2530/4223372052_13906dd8f0_o.jpg
411.png,0.020833,0.0125,0.999167,0.999375,52be63c65af6dfe8,https://c1.staticflickr.com/2/1248/639673339_99181266cf_o.jpg
412.png,0.3125,0.441667,0.46125,0.575833,02a7e732112fb81f,https://c8.staticflickr.com/9/8450/7978229598_c5de0e8937_o.jpg
413.png,0.140625,0.490196,0.31625,0.748833,014cdf1bc2b8ca42,https://farm3.staticflickr.com/3253/2692781143_f5d6e2a0ee_o.jpg
414.png,0.502083,0.601389,0.772917,1.0,1a91d5fd57d844de,https://c7.staticflickr.com/9/8316/8071846977_cc5ea23a12_o.jpg
415.png,0.0,0.026667,0.700625,0.999167,0257fccaaa03888c,https://c5.staticflickr.com/1/98/236816868_46784ddf3a_o.jpg
416.png,0.065,0.03,0.938125,0.66875,33f2e4ecb8d3943e,https://c7.staticflickr.com/9/8370/8409622520_c8998ff371_o.jpg
417.png,0.044271,0.422852,0.58724,0.999023,004e7fcdd69e931a,https://c3.staticflickr.com/3/2884/11330107734_91ae56789f_o.jpg
418.png,0.215625,0.006944,0.997917,0.998611,f59b05b3286ff55b,https://c4.staticflickr.com/6/5145/5603005973_012cfc3e8f_o.jpg
419.png,0.177093,0.138929,0.982676,0.934877,026748cbec73bd58,https://c1.staticflickr.com/6/5100/5475140422_c898c42677_o.jpg
420.png,0.469444,0.216667,0.947222,0.929167,2a3efae9c9ac559b,https://c4.staticflickr.com/6/5138/5476391129_3182018fb6_o.jpg
421.png,0.086875,0.020696,0.945625,0.999059,28a441d996eccf3b,https://c4.staticflickr.com/3/2139/3611754312_bdba758c3a_o.jpg
422.png,0.0675,0.215154,0.84,0.999065,64c88e0ecfa2461e,https://c7.staticflickr.com/8/7425/14074293563_6f41f3c155_o.jpg
423.png,0.31,0.085,0.5475,0.435,0202133a61a71fd8,https://c1.staticflickr.com/4/3655/3556545543_daf75e8429_o.jpg
424.png,0.3975,0.10452,0.999375,0.997175,198cd92119d4ca6c,https://c5.staticflickr.com/8/7165/6615948907_ec78d09bd7_o.jpg
425.png,0.191875,0.237828,0.999375,0.950375,0672c48eb48f41dc,https://c5.staticflickr.com/4/3948/15709256072_2169ee514d_o.jpg
426.png,0.0,0.332407,0.999074,0.89537,00e9ad6b9f0fc522,https://farm3.staticflickr.com/739/21134678199_aa080c34d7_o.jpg
427.png,0.17,0.015573,0.496875,0.998888,030258fa09bddb2c,https://c5.staticflickr.com/9/8068/8212775940_d0014a3e34_o.jpg
428.png,0.15875,0.229933,0.429375,0.67893,2bb71747ccb31dfd,https://c6.staticflickr.com/4/3022/2657180006_654792043c_o.jpg
429.png,0.209375,0.243515,0.71,0.761506,81d7a80f2a522591,https://farm2.staticflickr.com/8191/8446547567_576dc96a74_o.jpg
430.png,0.136667,0.3625,0.831667,0.895625,5093ba29f51af043,https://farm4.staticflickr.com/4098/4884803148_ab31e38d53_o.jpg
431.png,0.484375,0.1625,0.996875,0.766667,0afe3326b3f5b97b,https://c4.staticflickr.com/3/2446/3879447983_b64ff621f6_o.jpg
432.png,0.198324,0.35,0.882682,0.9875,0384746c45ca8f0a,https://c3.staticflickr.com/1/204/521685721_151fdc669f_o.jpg
433.png,0.38,0.648218,0.53125,0.840525,02de6598d7603708,https://c1.staticflickr.com/4/3671/19934708020_81ff8b2f86_o.jpg
434.png,0.065625,0.137476,0.628125,0.864407,01ba9d7a35e8cd44,https://farm5.staticflickr.com/5448/6929958416_1570df0d23_o.jpg
435.png,0.013333,0.546875,0.340833,0.705,3300e9192ca81ee4,https://farm5.staticflickr.com/4079/4873897487_3cd6439dae_o.jpg
436.png,0.0,0.0,0.705625,0.87194,13ecd4e4d740d753,https://farm4.staticflickr.com/7005/6785242147_d7ee7e9148_o.jpg
437.png,0.105469,0.115885,0.458008,0.761719,01a668d279548386,https://farm7.staticflickr.com/7146/6612783789_4122c3b07e_o.jpg
438.png,0.196875,0.0,0.999375,0.999062,375854e100b8f0d1,https://farm2.staticflickr.com/3745/12529780983_871c488e44_o.jpg
439.png,0.0,0.195625,0.997175,0.996875,0016285d687bf97a,https://c3.staticflickr.com/6/5573/14576385489_e20f81dc0c_o.jpg
440.png,0.225,0.249531,0.999375,0.999062,07aec689e7a6dc87,https://farm8.staticflickr.com/35/96397678_a22f86d4a8_o.jpg
441.png,0.141667,0.49375,0.995833,0.625,018f75384ac1a211,https://farm2.staticflickr.com/4037/4664119053_9f503b6dcf_o.jpg
442.png,0.0,0.0,0.999375,0.999167,b01279a6be6ad143,https://farm4.staticflickr.com/3873/14927770578_73a148f4b9_o.jpg
443.png,0.07971,0.081044,0.955487,0.918956,b295855d76227086,https://farm7.staticflickr.com/3097/2348881919_ee4ed01bcb_o.jpg
444.png,0.290625,0.192703,0.5175,0.806361,0147766de426c652,https://farm3.staticflickr.com/4122/4958375327_958078c126_o.jpg
445.png,0.403906,0.330598,0.617969,0.736225,00e2cc12bffd0d11,https://farm2.staticflickr.com/3028/2702948339_d1a2ec8791_o.jpg
446.png,0.055,0.264595,0.348125,0.999058,18fa39798e9f1b7f,https://c8.staticflickr.com/4/3798/9519057244_22d35e41c3_o.jpg
447.png,0.0,0.154167,0.998958,0.872222,0ca02acf738c588a,https://c3.staticflickr.com/2/1059/5102653053_2d72cf7979_o.jpg
448.png,0.0,0.182674,0.489375,0.998117,561eff9d9ce14e51,https://farm2.staticflickr.com/5334/7390116900_f99d7180ba_o.jpg
449.png,0.0,0.367708,0.529688,0.998958,122dd02b7a9f2d05,https://farm6.staticflickr.com/184/442107944_b79f03cee7_o.jpg
450.png,0.013125,0.3825,0.663125,0.9175,07bda35c8fdfc2a9,https://c2.staticflickr.com/7/6070/6126414725_72c6677c55_o.jpg
451.png,0.015625,0.3,0.996875,0.9375,29d4f12aa857abee,https://c7.staticflickr.com/4/3885/14827738878_eee1bae6cc_o.jpg
452.png,0.06375,0.123415,0.6775,0.91716,0037f7d1bf4ef15f,https://c8.staticflickr.com/3/2914/14499053555_c0b87aac5f_o.jpg
453.png,0.81375,0.175833,0.999375,0.6875,410c79695209ab44,https://farm5.staticflickr.com/3601/3425790958_869c99b7f1_o.jpg
454.png,0.246875,0.2875,0.703125,0.9375,92d553c70f5e981c,https://c5.staticflickr.com/1/74/190644000_bff413d866_o.jpg
455.png,0.163333,0.234414,0.801667,0.738155,019d32b8b6837854,https://farm5.staticflickr.com/4046/4448496650_dcfc2b0c34_o.jpg
456.png,0.119141,0.150358,0.639648,0.72315,01ae8830c259bddb,https://c4.staticflickr.com/5/4083/5184174227_ec3971e7f7_o.jpg
457.png,0.08375,0.191667,1.0,0.978333,5eee37ae5a47fad5,https://farm6.staticflickr.com/2601/4156455575_3fa7809628_o.jpg
458.png,0.0,0.0,0.999163,0.999375,3248c6d5e2e0b7c6,https://farm7.staticflickr.com/8007/7624919876_baaf1253cc_o.jpg
459.png,0.790625,0.494444,0.92,0.693333,039620b10d82b2a0,https://farm1.staticflickr.com/5813/21494438443_9df7c65ea8_o.jpg
460.png,0.231964,0.481875,1.0,0.980625,0b13b4c45d54276a,https://c3.staticflickr.com/9/8325/8135053728_8e1be2479b_o.jpg
461.png,0.0,0.068966,0.797999,0.999116,2b9b8b4c8db62cfb,https://c4.staticflickr.com/5/4041/4214003292_e1e33c7575_o.jpg
462.png,0.35375,0.229167,0.58375,0.604167,01021515c433c0a5,https://farm6.staticflickr.com/3715/9179111200_e8cd81d2b7_o.jpg
463.png,0.623431,0.094044,0.845188,0.437304,00a185001cd97c48,https://c1.staticflickr.com/1/152/432695875_e06a8014c9_o.jpg
464.png,0.084375,0.3475,0.5275,0.833333,15f2e1e05b66dd4a,https://c3.staticflickr.com/6/5048/5358465859_4cb01ae0e0_o.jpg
465.png,0.039536,0.177561,0.57396,0.842927,070b776bd7cd6f60,https://farm1.staticflickr.com/3264/3151508579_b5404626f1_o.jpg
466.png,0.202193,0.139375,0.861549,0.9375,28224ae7384fdc49,https://c2.staticflickr.com/8/7100/6908694280_a0a958ae02_o.jpg
467.png,0.24,0.15,0.8425,0.998333,0615e018f3391c96,https://farm7.staticflickr.com/83/244813258_9bc3c1867f_o.jpg
468.png,0.019277,0.161677,0.99759,0.907186,00a7fde5a94563a1,https://farm2.staticflickr.com/6097/6330072023_485ab0d97b_o.jpg
469.png,0.0675,0.184874,0.565,0.944911,043584eb0ef5d203,https://farm4.staticflickr.com/2870/9237099168_c431c40324_o.jpg
470.png,0.0,0.1975,0.89,0.73375,3f997b5318222373,https://farm4.staticflickr.com/3929/14910877874_b624f103e6_o.jpg
471.png,0.3575,0.446529,0.484375,0.701689,01ca9b887129fe02,https://farm3.staticflickr.com/7006/6408484477_6bc782794c_o.jpg
472.png,0.1025,0.37,0.5925,0.814375,1286b11d642a0fef,https://c8.staticflickr.com/8/7677/17431426406_98113d5cd9_o.jpg
473.png,0.28125,0.18894,0.736875,0.839631,0285bdcc9a4a1566,https://farm7.staticflickr.com/5502/12155951976_2c2227690b_o.jpg
474.png,0.0,0.133739,0.851541,0.892097,9a2b4ce0d4313281,https://farm2.staticflickr.com/8233/8392663500_33e6723719_o.jpg
475.png,0.63375,0.463333,0.806875,0.726667,053eaac8cf695bf2,https://farm3.staticflickr.com/4040/4293643683_ed4ddbd08f_o.jpg
476.png,0.276042,0.0,0.675,0.998611,3102f381e7776e46,https://farm7.staticflickr.com/7135/7409415438_fdd76e6fcc_o.jpg
477.png,0.157059,0.28125,0.520468,0.689375,02ce45a62438e2a3,https://farm4.staticflickr.com/3031/3353942435_f6496614a1_o.jpg
478.png,0.034375,0.127083,0.932813,0.8625,35a5fd4dd15b9032,https://farm3.staticflickr.com/3112/3209858302_e4191c2ffe_o.jpg
479.png,0.084364,0.00625,0.824,0.79375,30434bc5d0a925fa,https://c3.staticflickr.com/5/4151/4991979355_22fde4667c_o.jpg
480.png,0.061875,0.181733,0.85875,0.87194,350caadb9ac1d1f9,https://c2.staticflickr.com/9/8160/7131869149_49bcf76b8d_o.jpg
481.png,0.215625,0.611667,0.9825,0.99,0202ed43834a0a41,https://farm2.staticflickr.com/8182/7890623168_f74c12109a_o.jpg
482.png,0.439583,0.061111,0.666667,0.95,007117f88c62282e,https://c7.staticflickr.com/7/6165/6192682537_e305cd4766_o.jpg
483.png,0.756875,0.687617,0.999375,0.923077,0005474eeb49317d,https://c6.staticflickr.com/6/5481/10139570433_133a080391_o.jpg
484.png,0.127083,0.356944,0.655208,0.998611,2e2dbc62f73a0121,https://farm2.staticflickr.com/7154/6432640209_1887412387_o.jpg
485.png,0.23125,0.221757,0.946875,0.999163,5ab67b3370e1fd64,https://farm5.staticflickr.com/8087/8600660477_6771cca21a_o.jpg
486.png,0.328125,0.222222,0.865625,0.863889,a5e2eac593f772a9,https://c2.staticflickr.com/9/8478/8242765254_42a85aafd0_o.jpg
487.png,0.02625,0.0,0.676875,0.999062,72c82f25c60a73f8,https://c1.staticflickr.com/5/4028/4279479373_6cbdddcd9a_o.jpg
488.png,0.4875,0.0,0.998958,0.998611,33ab9a549e1ab4cf,https://c8.staticflickr.com/6/5311/5909688181_b652e26dbe_o.jpg
489.png,0.004167,0.076389,0.757292,0.998611,78ab5d2c84904033,https://farm4.staticflickr.com/7044/6813755994_d7a734bcb3_o.jpg
490.png,0.135625,0.239963,0.603125,0.930906,0351617bf1d7d835,https://farm6.staticflickr.com/3266/2693485072_b2d61fe49e_o.jpg
491.png,0.352539,0.239216,0.736328,0.785621,8c5eb3660ae691f3,https://farm4.staticflickr.com/8505/8446546591_b230018dc7_o.jpg
492.png,0.335625,0.195833,0.67875,0.7575,016d8f6510e6270e,https://c7.staticflickr.com/4/3868/14894035180_046e5498d6_o.jpg
493.png,0.445,0.376173,0.534375,0.865854,0178ff58ad40ee21,https://farm2.staticflickr.com/521/18923137215_94f866f93e_o.jpg
494.png,0.096875,0.4125,0.680625,0.753333,2f5b1dd687213268,https://c1.staticflickr.com/4/3459/3384271699_af18b84fe4_o.jpg
495.png,0.0,0.53304,0.998438,0.999119,0237f6035d796a0c,https://c5.staticflickr.com/8/7284/9679833543_ab6771afa8_o.jpg
496.png,0.305833,0.067455,0.946667,0.795549,1e9208b12549deed,https://c6.staticflickr.com/7/6022/5985361787_d161e92c7d_o.jpg
497.png,0.120625,0.411667,0.9875,0.876667,0b56ce31bc52f0d2,https://farm3.staticflickr.com/153/364518215_b7406bcc28_o.jpg
498.png,0.143932,0.37625,0.903104,0.99125,952b854284ea0b3a,https://c3.staticflickr.com/9/8666/16416503999_d047574be5_o.jpg
499.png,0.142188,0.017188,0.998438,0.835938,019cd7cfd8dcf4e4,https://farm5.staticflickr.com/3924/15055729900_425885ce6c_o.jpg
500.png,0.435,0.488333,0.71,0.746667,03c2ba18f87d083e,https://c7.staticflickr.com/6/5136/5450116295_33a3a93098_o.jpg
501.png,0.251875,0.084746,0.765625,0.999058,2e86378e13fe4a8f,https://c8.staticflickr.com/7/6161/6173831693_9ccd26c7b6_o.jpg
502.png,0.28375,0.175292,0.82125,0.87813,20cd1860d2bd758a,https://c3.staticflickr.com/9/8338/8273389842_2e30a40222_o.jpg
503.png,0.259375,0.140833,0.59375,0.375,04435964275b299e,https://c7.staticflickr.com/3/2262/2248320456_a7c8a9d0db_o.jpg
504.png,0.144375,0.55704,0.2625,0.685509,017cc3650998e13c,https://c5.staticflickr.com/5/4152/5172306103_9a08828d79_o.jpg
505.png,0.431875,0.511247,0.555625,0.709611,04ecdd9f6a53f0a4,https://farm5.staticflickr.com/7188/6972537338_8ca0dcdec1_o.jpg
506.png,0.204375,0.082482,0.8025,0.962294,13e83fdf12697a7b,https://c4.staticflickr.com/6/5486/11589266935_20d4f23dda_o.jpg
507.png,0.029375,0.108818,0.604375,0.733584,0155882df715b70b,https://c4.staticflickr.com/4/3860/15314237092_c1a43d4793_o.jpg
508.png,0.2,0.442561,0.260625,0.516949,016f5778cef7f418,https://c1.staticflickr.com/4/3949/15335220857_cb2746eda8_o.jpg
509.png,0.25,0.062222,0.725625,0.766667,09ce2931e9b28e5a,https://c3.staticflickr.com/4/3874/14866247137_435b6071f3_o.jpg
510.png,0.103125,0.0964,0.896875,0.995354,02b840e77e443b79,https://c2.staticflickr.com/1/212/448963067_2032172ef1_o.jpg
511.png,0.0,0.0,0.31625,0.326148,324dbc239e29c636,https://farm7.staticflickr.com/3377/3425079861_816fb7860a_o.jpg
512.png,0.166875,0.288333,0.448125,0.605833,028ea355cf4fe3ad,https://c6.staticflickr.com/4/3814/14110289880_33eb4701cc_o.jpg
513.png,0.054167,0.081944,0.703125,0.998611,2f3062597bc628e1,https://farm2.staticflickr.com/6051/6378073889_580b40f926_o.jpg
514.png,0.016115,0.290628,0.97201,0.752365,01f1930639b707c9,https://c2.staticflickr.com/5/4127/5179162706_37a5fc6ec5_o.jpg
515.png,0.19201,0.60735,0.265464,0.814313,004e43243709ea00,https://farm1.staticflickr.com/3243/2834936572_d1cd13ee81_o.jpg
516.png,0.045,0.027205,0.999375,0.999062,35eb0afbbc019f84,https://farm5.staticflickr.com/7353/8853426414_29bedb88bf_o.jpg
517.png,0.177083,0.567187,0.664583,0.998438,13efe7600dce29fc,https://c5.staticflickr.com/6/5050/5355219068_44e0f53a27_o.jpg
518.png,0.0,0.216667,0.32625,0.876667,007eddaa9f8a7af6,https://farm7.staticflickr.com/3862/14473241138_9dbe62d134_o.jpg
519.png,0.32875,0.183333,0.7625,0.75,5319e48bffb9961d,https://c6.staticflickr.com/3/2503/4111392164_32bc61827b_o.jpg
520.png,0.275625,0.389167,0.41875,0.595,183d59bd018fd4c7,https://farm8.staticflickr.com/2113/2502137018_88332b4b75_o.jpg
521.png,0.218125,0.0,0.999375,0.798877,0bac39b561a1fbc7,https://farm8.staticflickr.com/6020/5948185842_2622402697_o.jpg
522.png,0.73875,0.098333,0.91875,0.993333,0009450a8ed12bd4,https://farm5.staticflickr.com/7194/6910969941_f400803ca6_o.jpg
523.png,0.015,0.029167,0.855,0.999167,0a6682baa51dedb2,https://farm3.staticflickr.com/4139/4941416917_503668c853_o.jpg
524.png,0.03125,0.142188,0.265625,0.48125,0c9b28ef06299493,https://farm4.staticflickr.com/7503/16306912505_130b538caa_o.jpg
525.png,0.048125,0.02125,0.87,0.9825,7b58de0728444b91,https://farm2.staticflickr.com/8243/8489336227_e6464e823c_o.jpg
526.png,0.528333,0.0,0.77,0.048125,03b992d5d9ea72c2,https://farm3.staticflickr.com/7511/15694545031_9c2c989359_o.jpg
527.png,0.3125,0.0,0.76375,0.680833,7328279ae4e6056a,https://c3.staticflickr.com/4/3217/2663796017_e6f47455f0_o.jpg
528.png,0.017974,0.060458,0.864379,0.972222,008076858a21069c,https://c5.staticflickr.com/9/8041/8065739271_43bf4ae86b_o.jpg
529.png,0.0,0.245763,0.3325,0.723164,24a6aab4ee96feee,https://c7.staticflickr.com/8/7093/7061143099_b494e1e70c_o.jpg
530.png,0.66625,0.49531,0.88625,0.698874,00a1ab47b5439e8c,https://c5.staticflickr.com/4/3072/2766979463_e606d2ec84_o.jpg
531.png,0.078333,0.180645,0.96,0.933333,000a3f4144bf73ba,https://c3.staticflickr.com/1/38/121669582_b00599c216_o.jpg
532.png,0.081875,0.199436,0.970625,0.860771,1b229d6967d3e761,https://farm2.staticflickr.com/4042/4645173952_a1d7beea25_o.jpg
533.png,0.047386,0.0,0.998366,0.998366,0385e30cfb80a5f5,https://farm6.staticflickr.com/8222/8289563714_54d8ce0de9_o.jpg
534.png,0.21515,0.140401,0.429663,0.504298,02c75774eee2718c,https://c5.staticflickr.com/1/127/334344068_3ba10402c1_o.jpg
535.png,0.06,0.027397,0.9725,0.359326,8a1f2b3ea3ee41a2,https://farm3.staticflickr.com/3656/5811011885_ebabfa2b3d_o.jpg
536.png,0.0,0.0,0.998438,0.998438,6989ca69a55f4c11,https://farm2.staticflickr.com/7455/13962981520_cff5dd7d0d_o.jpg
537.png,0.170732,0.36875,0.938086,0.903125,0294f851a3543246,https://farm7.staticflickr.com/8584/16749056755_772b50252c_o.jpg
538.png,0.0,0.0,0.999375,0.999139,0a2a1e75ff15aaa9,https://c2.staticflickr.com/8/7553/16325416615_22eddbe094_o.jpg
539.png,0.757009,0.31375,0.961682,0.498125,0691f4be66a220eb,https://c4.staticflickr.com/6/5306/5651367904_2c13a4a117_o.jpg
540.png,0.216522,0.102178,0.349565,0.375209,02cf26e738032560,https://farm1.staticflickr.com/2619/3788097218_67d521f85f_o.jpg
541.png,0.0525,0.175542,0.999375,0.999014,02e857841db124f7,https://farm8.staticflickr.com/5284/5324286612_48c12bddf3_o.jpg
542.png,0.0,0.2175,0.496667,0.999375,0064cdb508a53429,https://c2.staticflickr.com/9/8013/7577555784_bbc5535f4d_o.jpg
543.png,0.037146,0.0,0.98045,0.961914,63b928a81553ed8f,https://c8.staticflickr.com/8/7172/6667937789_6e813fd8fc_o.jpg
544.png,0.020833,0.076389,0.1125,0.238889,090833f3179f6260,https://farm1.staticflickr.com/1440/5104865245_d81ba423b0_o.jpg
545.png,0.0,0.09375,0.8725,0.999219,0329add77822eccb,https://c4.staticflickr.com/9/8124/8669933009_43f2d84fdf_o.jpg
546.png,0.03375,0.011667,0.41375,0.639167,0290df6b2532548a,https://c3.staticflickr.com/3/2153/2099340301_c77f0e39c8_o.jpg
547.png,0.161875,0.506667,0.28875,0.682222,00b7df554f290d2a,https://c3.staticflickr.com/8/7465/16119446466_6d621e7c1e_o.jpg
548.png,0.110833,0.139375,0.999167,0.9,43bdb06982a7edc9,https://c2.staticflickr.com/9/8342/8192283765_19951485a9_o.jpg
549.png,0.344771,0.044118,0.96732,0.985294,2a02741417b44420,https://farm1.staticflickr.com/5049/5336736442_b4ee48e1f6_o.jpg
550.png,0.35842,0.106946,0.540922,0.697905,0196aaed6a473d16,https://farm7.staticflickr.com/4027/4304505370_c84a35818f_o.jpg
551.png,0.0,0.239167,0.7475,0.999167,003eae3f991df25f,https://c8.staticflickr.com/6/5046/5305917690_b3b977b78c_o.jpg
552.png,0.479688,0.0,0.998438,0.998438,0553b2434e79ee99,https://c2.staticflickr.com/8/7538/16333771151_9ba1701e24_o.jpg
553.png,0.6725,0.599437,0.796875,0.938086,00e74cc9c45145e5,https://farm6.staticflickr.com/5086/5310421254_ef146f817a_o.jpg
554.png,0.110156,0.030552,0.574219,0.988249,00f45f90bc0a213a,https://c3.staticflickr.com/1/25/41274906_2e3352feb3_o.jpg
555.png,0.0,0.0,0.504375,0.655,06b6150b5388bbdb,https://c4.staticflickr.com/4/3920/14779597511_208a32ebd2_o.jpg
556.png,0.144375,0.491525,0.553125,0.76177,1e9fcfcb17440fcc,https://c5.staticflickr.com/9/8028/7290107772_b6c683e12d_o.jpg
557.png,0.405625,0.3525,0.721875,0.9475,1073992fdd7e2f25,https://farm6.staticflickr.com/5208/5358469133_bf326c0480_o.jpg
558.png,0.12375,0.015,0.689375,0.988333,2af77d1ec8e27d91,https://farm2.staticflickr.com/4121/4918185581_e027735b9d_o.jpg
559.png,0.0675,0.258912,0.999375,0.847092,065db07c5e940779,https://c2.staticflickr.com/4/3048/2929614672_05c4b295d8_o.jpg
560.png,0.512881,0.134375,0.983607,0.79375,0016cb8f06d33168,https://c1.staticflickr.com/4/3792/9340472789_7eb08b7503_o.jpg
561.png,0.016667,0.034568,0.895833,0.97037,0cb99799e7050e2b,https://c4.staticflickr.com/9/8385/8634190986_b4a7268a32_o.jpg
562.png,0.06125,0.0,0.999375,0.999058,3532f4f6e3d609d7,https://farm8.staticflickr.com/2943/15159985018_79f1e18b11_o.jpg
563.png,0.094375,0.020661,0.58375,0.900826,018223ca6996812d,https://c6.staticflickr.com/4/3141/3059418428_b8b934a1ab_o.jpg
564.png,0.0,0.199812,0.063125,0.339587,1c4467db3ea2e9ae,https://c7.staticflickr.com/1/516/19254489259_a2f3bc3bc5_o.jpg
565.png,0.0,0.002004,0.999335,0.995324,0165dbd02437a856,https://farm7.staticflickr.com/2529/4228398716_a2683496b2_o.jpg
566.png,0.01875,0.04375,0.832812,0.9625,16e06dc6347a9c84,https://farm5.staticflickr.com/76/213615323_c010b657f3_o.jpg
567.png,0.19625,0.4325,0.585,0.640833,0147af438bc08acd,https://c6.staticflickr.com/8/7066/6956812984_c9d31be035_o.jpg
568.png,0.211875,0.0,0.999375,0.999054,1a2fc7eb16d91912,https://farm3.staticflickr.com/3228/2742661586_959cb59834_o.jpg
569.png,0.197,0.0,0.425,0.25937,0016fd49ab8c05b2,https://farm3.staticflickr.com/3898/14349388584_f24a0c6bd1_o.jpg
570.png,0.2125,0.2225,0.733125,0.758333,3539c37a43bb0838,https://c1.staticflickr.com/4/3190/3064420025_2fb0108631_o.jpg
571.png,0.136875,0.0,0.94125,0.999055,580e8b8ebbbd1234,https://farm5.staticflickr.com/5499/12015980236_75e6707337_o.jpg
572.png,0.400625,0.212946,0.9375,0.851782,cbc2bb4e3afffb4e,https://c7.staticflickr.com/8/7216/7332178702_1bb5556bf5_o.jpg
573.png,0.0,0.052434,0.624375,0.999064,071a85ad183c5ded,https://c6.staticflickr.com/4/3794/11501181946_d7f43226db_o.jpg
574.png,0.40375,0.1425,0.808125,0.875,517ceba6936c2b63,https://farm4.staticflickr.com/2840/10814911873_1f57f764c8_o.jpg
575.png,0.0,0.143532,0.18625,0.962229,087ccd7d7ac71413,https://farm4.staticflickr.com/3749/10876956823_f4047086e0_o.jpg
576.png,0.25,0.1352657,0.78,1.0,318cacc523658be4,https://farm5.staticflickr.com/2801/4115686100_88e7004db1_o.jpg
577.png,0.010447761,0.0,0.9955224,0.7838428,ca410a99ebddf843,https://farm4.staticflickr.com/3316/3412266734_fa494e24e6_o.jpg
578.png,0.0,0.05,0.753125,1.0,8ab696251964d168,https://c1.staticflickr.com/4/3107/3175697621_f5271f5309_o.jpg
579.png,0.18855219,0.13953489,0.77946126,0.9903101,744499e3491bee0e,https://c7.staticflickr.com/8/7183/6802415370_c9fc50f8e9_o.jpg
580.png,0.35625,0.17083333,0.7265625,0.89166665,c14e22cfec55c7d2,https://farm3.staticflickr.com/5547/13438613015_afb04c8564_o.jpg
581.png,0.032352943,0.0,1.0,0.9157428,88801f78cb2076c2,https://farm3.staticflickr.com/7099/7214355802_5a8d50dc1c_o.jpg
582.png,0.0,0.06317689,1.0,0.99819493,72bf5e79c64d491e,https://c7.staticflickr.com/9/8683/16466842820_8137250c38_o.jpg
583.png,0.27433628,0.0,0.73156345,1.0,30142b273e5ccaf9,https://c2.staticflickr.com/4/3908/14585356815_013174b7ee_o.jpg
584.png,0.1751663,0.029368576,1.0,0.9647577,a21093132630d7a2,https://farm3.staticflickr.com/8088/8347673287_8abe42c67a_o.jpg
585.png,0.084070794,0.0,0.7138643,1.0,1b62cc1555639903,https://farm4.staticflickr.com/2414/1746776515_773505587a_o.jpg
586.png,0.2796875,0.072916664,1.0,1.0,0fa110bc03305ca9,https://c2.staticflickr.com/1/241/456660223_94a57e59f3_o.jpg
587.png,0.19616519,0.084070794,0.84513277,1.0,c1813bb19d352b3c,https://c5.staticflickr.com/8/7165/6416824707_90ce582b8c_o.jpg
588.png,0.26458332,0.2125,0.75625,0.7703125,17c1c41d3d49b134,https://farm5.staticflickr.com/5705/19970328124_94981ed19f_o.jpg
589.png,0.17794117,0.22394678,0.34558824,0.44345897,63f4bcd4bb444040,https://farm1.staticflickr.com/8211/8331532690_3d37ed6052_o.jpg
590.png,0.0,0.0,1.0,1.0,313067c9ecd146d3,https://farm4.staticflickr.com/98/241842457_42fd597d75_o.jpg
591.png,0.0,0.0,0.8104693,0.8050541,67e6f0528fa61b1e,https://c7.staticflickr.com/8/7640/16896214870_89b8afccf4_o.jpg
592.png,0.20353982,0.013274336,0.71681416,1.0,7c01ca6f1df3b061,https://farm2.staticflickr.com/8782/17183640516_fd80bf0ee7_o.jpg
593.png,0.053125,0.1375,0.7921875,1.0,a4709f923b94b173,https://farm4.staticflickr.com/2276/2208331107_19b8ecab85_o.jpg
594.png,0.010324484,0.1880531,0.58112097,0.84292036,7508e7e90208785c,https://c5.staticflickr.com/9/8160/7429844856_21e677d192_o.jpg
595.png,0.16079633,0.11702128,0.88361406,0.8808511,1190033110bd7ff9,https://c2.staticflickr.com/5/4027/4359283089_2a12816986_o.jpg
596.png,0.009375,0.40208334,0.953125,0.96458334,d2e8781bd8d8e7a3,https://farm4.staticflickr.com/8202/8250078839_8218033ce1_o.jpg
597.png,0.061895553,0.06745362,0.99806577,1.0,0ba3e9b686509316,https://farm7.staticflickr.com/4090/5041713995_cd4c090804_o.jpg
598.png,0.0234375,0.0,1.0,0.8208333,3c787f1b59e6dabc,https://c5.staticflickr.com/6/5444/9367206737_d62d50fd9c_o.jpg
599.png,0.4671875,0.31041667,1.0,0.98333335,9fe452d12d233894,https://farm5.staticflickr.com/3085/2774150245_36d59b3f71_o.jpg
600.png,0.025,0.1125,0.8546875,0.99583334,b6d2ddf407d21ad2,https://farm3.staticflickr.com/3235/2935199566_c97f53830a_o.jpg
601.png,0.19092332,0.035416666,0.7683881,1.0,bdb2aafcf51789b9,https://c2.staticflickr.com/9/8046/8347673763_fe59afc946_o.jpg
602.png,0.29268292,0.09421842,0.87042683,1.0,5552aa606889ec4b,https://c4.staticflickr.com/7/6060/6271388774_af21fac617_o.jpg
603.png,0.1453125,0.10625,0.9703125,0.7375,7f32a69ca8eec1e2,https://farm3.staticflickr.com/3135/2934341915_a20825d8de_o.jpg
604.png,0.21480145,0.0054151625,0.8032491,1.0,5509e80af9b031e3,https://farm4.staticflickr.com/7612/16946405805_0b4e8a7a81_o.jpg
605.png,0.14749263,0.0,1.0,0.9137168,a6fdbcf2d8b74387,https://farm8.staticflickr.com/7437/16362176896_819ec4fd48_o.jpg
606.png,0.3,0.0,1.0,1.0,27c71b6d5bcda723,https://farm4.staticflickr.com/5328/7159763702_5f2954f85e_o.jpg
607.png,0.12708333,0.2625,1.0,1.0,2ad179039c32a91f,https://c8.staticflickr.com/3/2613/5795370586_874375bb03_o.jpg
608.png,0.30144405,0.26895306,0.6570397,0.799639,b0fdd617ff20d9fa,https://c3.staticflickr.com/8/7401/9083538611_c92f1b5747_o.jpg
609.png,0.0,0.0203125,1.0,0.55,bc6490932d8b6e82,https://farm3.staticflickr.com/3093/5734050923_616a6a3d5e_o.jpg
610.png,0.35772356,0.19036144,0.7831978,0.8626506,fa7265fd933231cd,https://c6.staticflickr.com/9/8519/8564347082_03e715b8bc_o.jpg
611.png,0.2760646,0.0,0.79882526,1.0,15845886d642bf24,https://farm5.staticflickr.com/7501/16038193569_78282afc23_o.jpg
612.png,0.3397341,0.105960265,0.83013296,0.86754966,c366773a89f675ae,https://c7.staticflickr.com/8/7394/8722583464_2b16fb4d16_o.jpg
613.png,0.190625,0.0,1.0,1.0,4c91fd4fc5ba7aa9,https://c2.staticflickr.com/2/1425/1056100874_fea0b058a3_o.jpg
614.png,0.13898917,0.56498194,0.46570396,0.92057765,425e7bed803e780c,https://c5.staticflickr.com/8/7568/15547951884_4f4e9efdfe_o.jpg
615.png,0.041237112,0.10246679,0.661512,0.9601518,e1c19505b652b101,https://farm2.staticflickr.com/7118/7522170360_372d7cbd10_o.jpg
616.png,0.24729241,0.16064982,0.7527076,0.91155237,b4248a8ddafedee0,https://farm1.staticflickr.com/5723/21324727281_c7ce9926a1_o.jpg
617.png,0.009478673,0.07438017,0.9810427,0.99793386,809bb22c4ad40308,https://c1.staticflickr.com/3/2504/3827606885_82747bd4d5_o.jpg
618.png,0.315625,0.15866388,0.678125,1.0,c14d3c41fc33b1c0,https://farm1.staticflickr.com/5085/5314071529_4e5233ef00_o.jpg
619.png,0.38348082,0.061946902,0.91150445,0.78097343,4fef0124480ef304,https://farm5.staticflickr.com/7236/7332172602_7d96cedeec_o.jpg
620.png,0.2651072,0.14070351,0.44444445,0.31323284,b716a4b6e3e4da41,https://farm2.staticflickr.com/2434/3812528145_8a84205a83_o.jpg
621.png,0.0,0.0,0.83,1.0,f0df5560dd3e5d19,https://c2.staticflickr.com/6/5010/5227301629_45c55081b4_o.jpg
622.png,0.031716418,0.18356644,1.0,0.90384614,c7a81616ee618ccd,https://c6.staticflickr.com/5/4114/4757228157_4059d3ecc2_o.jpg
623.png,0.0,0.0,0.9145803,1.0,c1223f566ca95dce,https://c7.staticflickr.com/1/167/449008464_b2057baf31_o.jpg
624.png,0.0,0.33958334,0.4859375,0.8625,ff9a9066c7b74983,https://farm4.staticflickr.com/6196/6082217940_8772911168_o.jpg
625.png,0.16425993,0.09927798,1.0,1.0,931709a2e411f9db,https://c4.staticflickr.com/4/3724/11701958336_a9d7bcc8e0_o.jpg
626.png,0.10600707,0.014760148,0.95936394,0.998155,5f732a97a118091e,https://c7.staticflickr.com/2/1072/839496013_683f37445a_o.jpg
